"0","rm(list = ls())"
"0","# Chargement des packages"
"0","library(readxl)"
"0","library(dplyr)"
"2","
Attachement du package : ‘dplyr’

"
"2","The following objects are masked from ‘package:stats’:

    filter, lag

"
"2","The following objects are masked from ‘package:base’:

    intersect, setdiff, setequal, union

"
"0","library(tidyr)"
"0","library(COGugaison)"
"0","library(sf)"
"2","Linking to GEOS 3.6.1, GDAL 2.2.3, PROJ 4.9.3
"
"0","library(cartography)"
"0","library(janitor)"
"0","library(knitr)"
"0","library(OasisR)"
"2","le package ‘OasisR’ a été compilé avec la version R 3.5.2"
"0","library(data.table)"
"2","data.table 1.11.8  Latest news: r-datatable.com
"
"2","
Attachement du package : ‘data.table’

"
"2","The following objects are masked from ‘package:dplyr’:

    between, first, last

"
"0","# Chargement des fichiers"
"0","formations <- read_xlsx(""data/mefstat.xlsx"", sheet = ""mef_stat_7"") # Sur 62 formations de 1Ã¨re, seules 19 ont des Ã©lÃ¨ves dans la base"
"0","#eleves <- fread(""N:/Transverse/Donnees_Obs/Donnees_Statistiques/DEPP/DonnÃ©es ElÃ¨ves/AnnÃ©e 15-16/eleves.csv"")"
"0","#eleves1ere <- filter(eleves, substr(ELC_COMEFSTA, 1, 7) %in% unique(formations$MEF_STAT_7))"
"0","#fwrite(eleves1ere, ""data/eleves1ere.csv"")"
"0","eleves1ere <- fread(""data/eleves1ere.csv"")"
"0","lycees <- read_xlsx(""N:/Transverse/Donnees_Obs/Donnees_Statistiques/DEPP/DonnÃ©es Ã©tablissements/BCE_2015/CGET2015.xlsx"")"
"2","Expecting logical in X7043 / R7043C24: got '-'"
"2","Expecting numeric in N7300 / R7300C14: got 'MARSEIL'"
"2","Expecting numeric in N9000 / R9000C14: got '219C'"
"2","Expecting numeric in N13900 / R13900C14: got 'O'"
"2","Expecting numeric in N13916 / R13916C14: got 'N'"
"2","Expecting numeric in N21253 / R21253C14: got '4 BIS'"
"2","Expecting numeric in N23355 / R23355C14: got 'N'"
"2","Expecting numeric in N28869 / R28869C14: got 'N'"
"2","Expecting numeric in N33243 / R33243C14: got 'N5'"
"2","Expecting numeric in N33263 / R33263C14: got 'CO 26'"
"2","Expecting numeric in N33653 / R33653C14: got 'B'"
"2","Expecting numeric in N38252 / R38252C14: got '124 03'"
"2","Expecting numeric in N39009 / R39009C14: got '30329 F'"
"2","Expecting numeric in N40853 / R40853C14: got 'SP8'"
"2","Expecting numeric in N42354 / R42354C14: got 'SP 12'"
"2","Expecting numeric in N42575 / R42575C14: got 'SP 18'"
"2","Expecting numeric in N46251 / R46251C14: got '1037/F'"
"2","Expecting numeric in N47143 / R47143C14: got 'CP 417'"
"2","Expecting numeric in N47159 / R47159C14: got 'CP 415'"
"2","Expecting numeric in N47169 / R47169C14: got 'CASE 22'"
"2","Expecting numeric in N47699 / R47699C14: got 'CP 733'"
"2","Expecting numeric in N48363 / R48363C14: got 'CP 11'"
"2","Expecting numeric in N48378 / R48378C14: got 'CP 305'"
"2","Expecting numeric in N48504 / R48504C14: got 'CP 608'"
"2","Expecting numeric in N51087 / R51087C14: got 'II04'"
"2","Expecting numeric in N57101 / R57101C14: got '25 B'"
"2","Expecting numeric in N60025 / R60025C14: got 'LE VILL'"
"2","Expecting numeric in N60948 / R60948C14: got 'A 13'"
"2","Expecting numeric in N60949 / R60949C14: got 'A13'"
"2","Expecting numeric in N61302 / R61302C14: got 'A5'"
"2","Expecting numeric in N62620 / R62620C14: got 'N'"
"2","Expecting numeric in N62637 / R62637C14: got 'N'"
"2","Expecting numeric in N69393 / R69393C14: got 'N'"
"2","Expecting numeric in N73202 / R73202C14: got 'N'"
"0","# GÃ©ographies"
"0","ngeo <- read_xlsx(""data/n_geo.xlsx"", sheet = ""com"")"
"2","Expecting logical in AM1096 / R1096C39: got 'ZFU'"
"2","Expecting logical in AM1125 / R1125C39: got 'ZFU'"
"2","Expecting logical in AE1416 / R1416C31: got '03180'"
"2","Expecting logical in AE1421 / R1421C31: got '03185'"
"2","Expecting logical in AE1426 / R1426C31: got '03190'"
"2","Expecting logical in AE1545 / R1545C31: got '03310'"
"2","Expecting logical in AT1582 / R1582C46: got 'LAC'"
"2","Expecting logical in AT1637 / R1637C46: got 'LAC'"
"2","Expecting logical in AT1663 / R1663C46: got 'LAC'"
"2","Expecting logical in AT1672 / R1672C46: got 'LAC'"
"2","Expecting logical in AT1679 / R1679C46: got 'LAC'"
"2","Expecting logical in AT1699 / R1699C46: got 'LAC'"
"2","Expecting logical in AT1719 / R1719C46: got 'LAC'"
"2","Expecting logical in AT1767 / R1767C46: got 'LAC'"
"2","Expecting logical in AT1792 / R1792C46: got 'LAC'"
"2","Expecting logical in AT1795 / R1795C46: got 'LAC'"
"2","Expecting logical in AT1796 / R1796C46: got 'LAC'"
"2","Expecting logical in AE1811 / R1811C31: got '05061'"
"2","Expecting logical in AT1853 / R1853C46: got 'LAC'"
"2","Expecting logical in AT1858 / R1858C46: got 'LAC'"
"2","Expecting logical in AT1873 / R1873C46: got 'LAC'"
"2","Expecting logical in AT1907 / R1907C46: got 'LAC'"
"2","Expecting logical in AT1908 / R1908C46: got 'LAC'"
"2","Expecting logical in AT1932 / R1932C46: got 'MER'"
"2","Expecting logical in AT1939 / R1939C46: got 'MER'"
"2","Expecting logical in AT1955 / R1955C46: got 'MER'"
"2","Expecting logical in AD1957 / R1957C30: got '06029'"
"2","Expecting logical in AF1957 / R1957C32: got '06029'"
"2","Expecting logical in AT1957 / R1957C46: got 'MER'"
"2","Expecting logical in AT1960 / R1960C46: got 'MER'"
"2","Expecting logical in AT1987 / R1987C46: got 'MER'"
"2","Expecting logical in AE2007 / R2007C31: got '06079'"
"2","Expecting logical in AT2007 / R2007C46: got 'MER'"
"2","Expecting logical in AT2011 / R2011C46: got 'MER'"
"2","Expecting logical in AD2016 / R2016C30: got '06088'"
"2","Expecting logical in AE2016 / R2016C31: got '06088'"
"2","Expecting logical in AF2016 / R2016C32: got '06088'"
"2","Expecting logical in AM2016 / R2016C39: got 'ZFU'"
"2","Expecting logical in AT2016 / R2016C46: got 'MER'"
"2","Expecting logical in AT2032 / R2032C46: got 'MER'"
"2","Expecting logical in AM2042 / R2042C39: got 'ZFU'"
"2","Expecting logical in AT2049 / R2049C46: got 'MER'"
"2","Expecting logical in AT2051 / R2051C46: got 'MER'"
"2","Expecting logical in AT2066 / R2066C46: got 'MER'"
"2","Expecting logical in AT2083 / R2083C46: got 'MER'"
"2","Expecting logical in AT2087 / R2087C46: got 'MER'"
"2","Expecting logical in AT2089 / R2089C46: got 'MER'"
"2","Expecting logical in AE2110 / R2110C31: got '07019'"
"2","Expecting logical in AM2527 / R2527C39: got 'ZFU'"
"2","Expecting logical in AT3229 / R3229C46: got 'LAC'"
"2","Expecting logical in AT3283 / R3283C46: got 'LAC'"
"2","Expecting logical in AM3303 / R3303C39: got 'ZFU'"
"2","Expecting logical in AT3350 / R3350C46: got 'LAC'"
"2","Expecting logical in AT3385 / R3385C46: got 'LAC'"
"2","Expecting logical in AT3429 / R3429C46: got 'LAC'"
"2","Expecting logical in AT3448 / R3448C46: got 'LAC'"
"2","Expecting logical in AT3458 / R3458C46: got 'LAC'"
"2","Expecting logical in AT3468 / R3468C46: got 'LAC'"
"2","Expecting logical in AM3484 / R3484C39: got 'ZFU'"
"2","Expecting logical in AT3506 / R3506C46: got 'LAC'"
"2","Expecting logical in AT3530 / R3530C46: got 'LAC'"
"2","Expecting logical in AM3578 / R3578C39: got 'ZFU'"
"2","Expecting logical in AE3602 / R3602C31: got '10387'"
"2","Expecting logical in AF3602 / R3602C32: got '10387'"
"2","Expecting logical in AM3602 / R3602C39: got 'ZFU'"
"2","Expecting logical in AT3682 / R3682C46: got 'MER'"
"2","Expecting logical in AE3727 / R3727C31: got '11069'"
"2","Expecting logical in AT3802 / R3802C46: got 'MER'"
"2","Expecting logical in AT3803 / R3803C46: got 'MER'"
"2","Expecting logical in AT3828 / R3828C46: got 'MER'"
"2","Expecting logical in AT3846 / R3846C46: got 'MER'"
"2","Expecting logical in AT3860 / R3860C46: got 'MER'"
"2","Expecting logical in AT3919 / R3919C46: got 'MER'"
"2","Expecting logical in AD3923 / R3923C30: got '11266'"
"2","Expecting logical in AT3923 / R3923C46: got 'MER'"
"2","Expecting logical in AT3942 / R3942C46: got 'MER'"
"2","Expecting logical in AT4035 / R4035C46: got 'MER'"
"2","Expecting logical in AT4107 / R4107C46: got 'LAC'"
"2","Expecting logical in AT4132 / R4132C46: got 'LAC'"
"2","Expecting logical in AT4146 / R4146C46: got 'LAC'"
"2","Expecting logical in AT4147 / R4147C46: got 'LAC'"
"2","Expecting logical in AT4283 / R4283C46: got 'LAC'"
"2","Expecting logical in AE4297 / R4297C31: got '12202'"
"2","Expecting logical in AT4318 / R4318C46: got 'LAC'"
"2","Expecting logical in AT4348 / R4348C46: got 'LAC'"
"2","Expecting logical in AT4375 / R4375C46: got 'LAC'"
"2","Expecting logical in AT4400 / R4400C46: got 'LAC'"
"2","Expecting logical in AF4401 / R4401C32: got '13001'"
"2","Expecting logical in AT4404 / R4404C46: got 'MER'"
"2","Expecting logical in AT4414 / R4414C46: got 'MER'"
"2","Expecting logical in AT4421 / R4421C46: got 'MER'"
"2","Expecting logical in AT4422 / R4422C46: got 'MER'"
"2","Expecting logical in AT4426 / R4426C46: got 'MER'"
"2","Expecting logical in AT4428 / R4428C46: got 'MER'"
"2","Expecting logical in AT4433 / R4433C46: got 'MER'"
"2","Expecting logical in AT4439 / R4439C46: got 'MER'"
"2","Expecting logical in AT4447 / R4447C46: got 'MER'"
"2","Expecting logical in AT4454 / R4454C46: got 'MER'"
"2","Expecting logical in AD4455 / R4455C30: got '13055'"
"2","Expecting logical in AE4455 / R4455C31: got '13055'"
"2","Expecting logical in AF4455 / R4455C32: got '13055'"
"2","Expecting logical in AM4455 / R4455C39: got 'ZFU'"
"2","Expecting logical in AT4455 / R4455C46: got 'MER'"
"2","Expecting logical in AT4456 / R4456C46: got 'MER'"
"2","Expecting logical in AT4463 / R4463C46: got 'MER'"
"2","Expecting logical in AT4477 / R4477C46: got 'MER'"
"2","Expecting logical in AT4478 / R4478C46: got 'MER'"
"2","Expecting logical in AT4481 / R4481C46: got 'MER'"
"2","Expecting logical in AT4488 / R4488C46: got 'MER'"
"2","Expecting logical in AT4492 / R4492C46: got 'MER'"
"2","Expecting logical in AT4496 / R4496C46: got 'MER'"
"2","Expecting logical in AT4498 / R4498C46: got 'MER'"
"2","Expecting logical in AT4504 / R4504C46: got 'MER'"
"2","Expecting logical in AT4517 / R4517C46: got 'MER'"
"2","Expecting logical in AT4520 / R4520C46: got 'MER'"
"2","Expecting logical in AT4528 / R4528C46: got 'MER'"
"2","Expecting logical in AT4537 / R4537C46: got 'MER'"
"2","Expecting logical in AT4538 / R4538C46: got 'MER'"
"2","Expecting logical in AT4540 / R4540C46: got 'MER'"
"2","Expecting logical in AT4573 / R4573C46: got 'MER'"
"2","Expecting logical in AT4574 / R4574C46: got 'ESTUAIRE'"
"2","Expecting logical in AT4580 / R4580C46: got 'MER'"
"2","Expecting logical in AT4590 / R4590C46: got 'MER'"
"2","Expecting logical in AT4623 / R4623C46: got 'MER'"
"2","Expecting logical in AD4624 / R4624C30: got '14118'"
"2","Expecting logical in AE4624 / R4624C31: got '14118'"
"2","Expecting logical in AF4624 / R4624C32: got '14118'"
"2","Expecting logical in AM4624 / R4624C39: got 'ZFU'"
"2","Expecting logical in AT4670 / R4670C46: got 'MER'"
"2","Expecting logical in AT4671 / R4671C46: got 'MER'"
"2","Expecting logical in AT4677 / R4677C46: got 'MER'"
"2","Expecting logical in AT4695 / R4695C46: got 'MER'"
"2","Expecting logical in AT4705 / R4705C46: got 'MER'"
"2","Expecting logical in AT4707 / R4707C46: got 'MER'"
"2","Expecting logical in AE4723 / R4723C31: got '14220'"
"2","Expecting logical in AT4723 / R4723C46: got 'MER'"
"2","Expecting logical in AT4728 / R4728C46: got 'MER'"
"2","Expecting logical in AT4740 / R4740C46: got 'MER'"
"2","Expecting logical in AT4794 / R4794C46: got 'MER'"
"2","Expecting logical in AT4801 / R4801C46: got 'MER'"
"2","Expecting logical in AT4808 / R4808C46: got 'MER'"
"2","Expecting logical in AT4812 / R4812C46: got 'MER'"
"2","Expecting logical in AT4817 / R4817C46: got 'MER'"
"2","Expecting logical in AM4819 / R4819C39: got 'ZFU'"
"2","Expecting logical in AT4825 / R4825C46: got 'MER'"
"2","Expecting logical in AT4830 / R4830C46: got 'MER'"
"2","Expecting logical in AT4833 / R4833C46: got 'ESTUAIRE'"
"2","Expecting logical in AT4844 / R4844C46: got 'MER'"
"2","Expecting logical in AT4854 / R4854C46: got 'MER'"
"2","Expecting logical in AT4866 / R4866C46: got 'MER'"
"2","Expecting logical in AT4871 / R4871C46: got 'MER'"
"2","Expecting logical in AT4873 / R4873C46: got 'MER'"
"2","Expecting logical in AT4889 / R4889C46: got 'MER'"
"2","Expecting logical in AT4897 / R4897C46: got 'MER'"
"2","Expecting logical in AT4917 / R4917C46: got 'MER'"
"2","Expecting logical in AT4959 / R4959C46: got 'ESTUAIRE'"
"2","Expecting logical in AT4966 / R4966C46: got 'MER'"
"2","Expecting logical in AT4969 / R4969C46: got 'MER'"
"2","Expecting logical in AT4991 / R4991C46: got 'MER'"
"2","Expecting logical in AT5005 / R5005C46: got 'MER'"
"2","Expecting logical in AT5011 / R5011C46: got 'MER'"
"2","Expecting logical in AT5034 / R5034C46: got 'MER'"
"2","Expecting logical in AT5037 / R5037C46: got 'MER'"
"2","Expecting logical in AT5062 / R5062C46: got 'MER'"
"2","Expecting logical in AT5075 / R5075C46: got 'MER'"
"2","Expecting logical in AT5116 / R5116C46: got 'MER'"
"2","Expecting logical in AT5129 / R5129C46: got 'MER'"
"2","Expecting logical in AT5163 / R5163C46: got 'MER'"
"2","Expecting logical in AT5171 / R5171C46: got 'MER'"
"2","Expecting logical in AT5177 / R5177C46: got 'MER'"
"2","Expecting logical in AT5186 / R5186C46: got 'MER'"
"2","Expecting logical in AT5199 / R5199C46: got 'MER'"
"2","Expecting logical in AT5205 / R5205C46: got 'MER'"
"2","Expecting logical in AT5214 / R5214C46: got 'MER'"
"2","Expecting logical in AT5215 / R5215C46: got 'MER'"
"2","Expecting logical in AT5226 / R5226C46: got 'LAC'"
"2","Expecting logical in AT5229 / R5229C46: got 'LAC'"
"2","Expecting logical in AE5238 / R5238C31: got '15014'"
"2","Expecting logical in AT5244 / R5244C46: got 'LAC'"
"2","Expecting logical in AT5257 / R5257C46: got 'LAC'"
"2","Expecting logical in AT5267 / R5267C46: got 'LAC'"
"2","Expecting logical in AT5286 / R5286C46: got 'LAC'"
"2","Expecting logical in AT5289 / R5289C46: got 'LAC'"
"2","Expecting logical in AT5294 / R5294C46: got 'LAC'"
"2","Expecting logical in AT5313 / R5313C46: got 'LAC'"
"2","Expecting logical in AT5320 / R5320C46: got 'LAC'"
"2","Expecting logical in AT5327 / R5327C46: got 'LAC'"
"2","Expecting logical in AT5329 / R5329C46: got 'LAC'"
"2","Expecting logical in AT5340 / R5340C46: got 'LAC'"
"2","Expecting logical in AT5361 / R5361C46: got 'LAC'"
"2","Expecting logical in AT5364 / R5364C46: got 'LAC'"
"2","Expecting logical in AT5368 / R5368C46: got 'LAC'"
"2","Expecting logical in AT5387 / R5387C46: got 'LAC'"
"2","Expecting logical in AT5406 / R5406C46: got 'LAC'"
"2","Expecting logical in AT5415 / R5415C46: got 'LAC'"
"2","Expecting logical in AE5498 / R5498C31: got '16015'"
"2","Expecting logical in AF5498 / R5498C32: got '16015'"
"2","Expecting logical in AT5891 / R5891C46: got 'MER'"
"2","Expecting logical in AT5897 / R5897C46: got 'MER'"
"2","Expecting logical in AT5901 / R5901C46: got 'ESTUAIRE'"
"2","Expecting logical in AT5905 / R5905C46: got 'MER'"
"2","Expecting logical in AT5907 / R5907C46: got 'MER'"
"2","Expecting logical in AT5914 / R5914C46: got 'MER'"
"2","Expecting logical in AT5920 / R5920C46: got 'ESTUAIRE'"
"2","Expecting logical in AT5937 / R5937C46: got 'MER'"
"2","Expecting logical in AT5944 / R5944C46: got 'MER'"
"2","Expecting logical in AT5950 / R5950C46: got 'MER'"
"2","Expecting logical in AT5965 / R5965C46: got 'MER'"
"2","Expecting logical in AT5975 / R5975C46: got 'MER'"
"2","Expecting logical in AT5977 / R5977C46: got 'MER'"
"2","Expecting logical in AT5978 / R5978C46: got 'MER'"
"2","Expecting logical in AT5982 / R5982C46: got 'ESTUAIRE'"
"2","Expecting logical in AT6005 / R6005C46: got 'MER'"
"2","Expecting logical in AT6023 / R6023C46: got 'MER'"
"2","Expecting logical in AT6028 / R6028C46: got 'ESTUAIRE'"
"2","Expecting logical in AT6033 / R6033C46: got 'MER'"
"2","Expecting logical in AT6035 / R6035C46: got 'MER'"
"2","Expecting logical in AT6037 / R6037C46: got 'MER'"
"2","Expecting logical in AT6042 / R6042C46: got 'ESTUAIRE'"
"2","Expecting logical in AT6043 / R6043C46: got 'MER'"
"2","Expecting logical in AT6050 / R6050C46: got 'MER'"
"2","Expecting logical in AT6066 / R6066C46: got 'MER'"
"2","Expecting logical in AT6070 / R6070C46: got 'MER'"
"2","Expecting logical in AT6071 / R6071C46: got 'MER'"
"2","Expecting logical in AT6088 / R6088C46: got 'MER'"
"2","Expecting logical in AT6100 / R6100C46: got 'MER'"
"2","Expecting logical in AT6103 / R6103C46: got 'MER'"
"2","Expecting logical in AT6106 / R6106C46: got 'MER'"
"2","Expecting logical in AT6111 / R6111C46: got 'ESTUAIRE'"
"2","Expecting logical in AT6118 / R6118C46: got 'MER'"
"2","Expecting logical in AT6128 / R6128C46: got 'MER'"
"2","Expecting logical in AT6129 / R6129C46: got 'ESTUAIRE'"
"2","Expecting logical in AT6144 / R6144C46: got 'MER'"
"2","Expecting logical in AT6145 / R6145C46: got 'MER'"
"2","Expecting logical in AT6166 / R6166C46: got 'MER'"
"2","Expecting logical in AT6177 / R6177C46: got 'MER'"
"2","Expecting logical in AD6179 / R6179C30: got '17299'"
"2","Expecting logical in AE6179 / R6179C31: got '17299'"
"2","Expecting logical in AT6179 / R6179C46: got 'ESTUAIRE'"
"2","Expecting logical in AD6180 / R6180C30: got '17300'"
"2","Expecting logical in AE6180 / R6180C31: got '17300'"
"2","Expecting logical in AF6180 / R6180C32: got '17300'"
"2","Expecting logical in AM6180 / R6180C39: got 'ZFU'"
"2","Expecting logical in AT6180 / R6180C46: got 'MER'"
"2","Expecting logical in AD6186 / R6186C30: got '17306'"
"2","Expecting logical in AT6186 / R6186C46: got 'MER'"
"2","Expecting logical in AT6198 / R6198C46: got 'MER'"
"2","Expecting logical in AT6203 / R6203C46: got 'MER'"
"2","Expecting logical in AT6205 / R6205C46: got 'ESTUAIRE'"
"2","Expecting logical in AT6208 / R6208C46: got 'ESTUAIRE'"
"2","Expecting logical in AT6209 / R6209C46: got 'MER'"
"2","Expecting logical in AT6213 / R6213C46: got 'MER'"
"2","Expecting logical in AT6217 / R6217C46: got 'MER'"
"2","Expecting logical in AT6226 / R6226C46: got 'ESTUAIRE'"
"2","Expecting logical in AT6231 / R6231C46: got 'MER'"
"2","Expecting logical in AT6233 / R6233C46: got 'ESTUAIRE'"
"2","Expecting logical in AT6240 / R6240C46: got 'MER'"
"2","Expecting logical in AT6248 / R6248C46: got 'MER'"
"2","Expecting logical in AT6253 / R6253C46: got 'ESTUAIRE'"
"2","Expecting logical in AT6258 / R6258C46: got 'MER'"
"2","Expecting logical in AT6263 / R6263C46: got 'MER'"
"2","Expecting logical in AT6270 / R6270C46: got 'ESTUAIRE'"
"2","Expecting logical in AT6282 / R6282C46: got 'ESTUAIRE'"
"2","Expecting logical in AT6286 / R6286C46: got 'MER'"
"2","Expecting logical in AT6287 / R6287C46: got 'ESTUAIRE'"
"2","Expecting logical in AT6288 / R6288C46: got 'MER'"
"2","Expecting logical in AT6297 / R6297C46: got 'MER'"
"2","Expecting logical in AT6305 / R6305C46: got 'ESTUAIRE'"
"2","Expecting logical in AT6313 / R6313C46: got 'ESTUAIRE'"
"2","Expecting logical in AD6325 / R6325C30: got '17449'"
"2","Expecting logical in AT6325 / R6325C46: got 'ESTUAIRE'"
"2","Expecting logical in AT6328 / R6328C46: got 'MER'"
"2","Expecting logical in AT6336 / R6336C46: got 'MER'"
"2","Expecting logical in AT6338 / R6338C46: got 'ESTUAIRE'"
"2","Expecting logical in AT6357 / R6357C46: got 'MER'"
"2","Expecting logical in AT6358 / R6358C46: got 'MER'"
"2","Expecting logical in AT6359 / R6359C46: got 'MER'"
"2","Expecting logical in AT6360 / R6360C46: got 'MER'"
"2","Expecting logical in AE6393 / R6393C31: got '18033'"
"2","Expecting logical in AM6393 / R6393C39: got 'ZFU'"
"2","Expecting logical in AT6678 / R6678C46: got 'LAC'"
"2","Expecting logical in AE6681 / R6681C31: got '19031'"
"2","Expecting logical in AT6792 / R6792C46: got 'LAC'"
"2","Expecting logical in AT6817 / R6817C46: got 'LAC'"
"2","Expecting logical in AT6900 / R6900C46: got 'LAC'"
"2","Expecting logical in AM7101 / R7101C39: got 'ZFU'"
"2","Expecting logical in AE7163 / R7163C31: got '21231'"
"2","Expecting logical in AF7163 / R7163C32: got '21231'"
"2","Expecting logical in AT7649 / R7649C46: got 'MER'"
"2","Expecting logical in AT7657 / R7657C46: got 'MER'"
"2","Expecting logical in AD7688 / R7688C30: got '22049'"
"2","Expecting logical in AT7688 / R7688C46: got 'MER'"
"2","Expecting logical in AT7693 / R7693C46: got 'MER'"
"2","Expecting logical in AT7694 / R7694C46: got 'MER'"
"2","Expecting logical in AT7720 / R7720C46: got 'MER'"
"2","Expecting logical in AT7724 / R7724C46: got 'MER'"
"2","Expecting logical in AT7732 / R7732C46: got 'MER'"
"2","Expecting logical in AT7741 / R7741C46: got 'MER'"
"2","Expecting logical in AT7744 / R7744C46: got 'MER'"
"2","Expecting logical in AT7749 / R7749C46: got 'MER'"
"2","Expecting logical in AE7751 / R7751C31: got '22113'"
"2","Expecting logical in AT7751 / R7751C46: got 'MER'"
"2","Expecting logical in AD7763 / R7763C30: got '22127'"
"2","Expecting logical in AT7763 / R7763C46: got 'MER'"
"2","Expecting logical in AT7769 / R7769C46: got 'MER'"
"2","Expecting logical in AT7777 / R7777C46: got 'MER'"
"2","Expecting logical in AT7786 / R7786C46: got 'ESTUAIRE'"
"2","Expecting logical in AT7788 / R7788C46: got 'MER'"
"2","Expecting logical in AT7795 / R7795C46: got 'MER'"
"2","Expecting logical in AT7799 / R7799C46: got 'MER'"
"2","Expecting logical in AT7801 / R7801C46: got 'MER'"
"2","Expecting logical in AT7806 / R7806C46: got 'MER'"
"2","Expecting logical in AT7807 / R7807C46: got 'MER'"
"2","Expecting logical in AT7812 / R7812C46: got 'MER'"
"2","Expecting logical in AT7819 / R7819C46: got 'MER'"
"2","Expecting logical in AT7820 / R7820C46: got 'MER'"
"2","Expecting logical in AT7827 / R7827C46: got 'MER'"
"2","Expecting logical in AT7828 / R7828C46: got 'MER'"
"2","Expecting logical in AT7829 / R7829C46: got 'MER'"
"2","Expecting logical in AT7830 / R7830C46: got 'MER'"
"2","Expecting logical in AT7831 / R7831C46: got 'MER'"
"2","Expecting logical in AT7834 / R7834C46: got 'MER'"
"2","Expecting logical in AT7837 / R7837C46: got 'ESTUAIRE'"
"2","Expecting logical in AT7842 / R7842C46: got 'MER'"
"2","Expecting logical in AT7843 / R7843C46: got 'MER'"
"2","Expecting logical in AT7846 / R7846C46: got 'MER'"
"2","Expecting logical in AT7847 / R7847C46: got 'MER'"
"2","Expecting logical in AT7851 / R7851C46: got 'MER'"
"2","Expecting logical in AT7854 / R7854C46: got 'MER'"
"2","Expecting logical in AT7855 / R7855C46: got 'MER'"
"2","Expecting logical in AT7857 / R7857C46: got 'MER'"
"2","Expecting logical in AT7859 / R7859C46: got 'MER'"
"2","Expecting logical in AT7865 / R7865C46: got 'MER'"
"2","Expecting logical in AT7874 / R7874C46: got 'MER'"
"2","Expecting logical in AD7882 / R7882C30: got '22250'"
"2","Expecting logical in AT7883 / R7883C46: got 'MER'"
"2","Expecting logical in AT7884 / R7884C46: got 'ESTUAIRE'"
"2","Expecting logical in AT7887 / R7887C46: got 'ESTUAIRE'"
"2","Expecting logical in AD7908 / R7908C30: got '22278'"
"2","Expecting logical in AE7908 / R7908C31: got '22278'"
"2","Expecting logical in AT7908 / R7908C46: got 'MER'"
"2","Expecting logical in AT7912 / R7912C46: got 'MER'"
"2","Expecting logical in AT7931 / R7931C46: got 'MER'"
"2","Expecting logical in AT7940 / R7940C46: got 'ESTUAIRE'"
"2","Expecting logical in AT7948 / R7948C46: got 'MER'"
"2","Expecting logical in AT7954 / R7954C46: got 'MER'"
"2","Expecting logical in AT7956 / R7956C46: got 'MER'"
"2","Expecting logical in AT7970 / R7970C46: got 'MER'"
"2","Expecting logical in AT7974 / R7974C46: got 'ESTUAIRE'"
"2","Expecting logical in AT7976 / R7976C46: got 'MER'"
"2","Expecting logical in AT7977 / R7977C46: got 'MER'"
"2","Expecting logical in AT7980 / R7980C46: got 'MER'"
"2","Expecting logical in AT7983 / R7983C46: got 'MER'"
"2","Expecting logical in AD7988 / R7988C30: got '22362'"
"2","Expecting logical in AT7988 / R7988C46: got 'ESTUAIRE'"
"2","Expecting logical in AT7989 / R7989C46: got 'MER'"
"2","Expecting logical in AT8002 / R8002C46: got 'MER'"
"2","Expecting logical in AT8004 / R8004C46: got 'MER'"
"2","Expecting logical in AT8007 / R8007C46: got 'ESTUAIRE'"
"2","Expecting logical in AT8009 / R8009C46: got 'MER'"
"2","Expecting logical in AT8013 / R8013C46: got 'MER'"
"2","Expecting logical in AT8092 / R8092C46: got 'LAC'"
"2","Expecting logical in AT8175 / R8175C46: got 'LAC'"
"2","Expecting logical in AE8310 / R8310C31: got '24037'"
"2","Expecting logical in AE8580 / R8580C31: got '24322'"
"2","Expecting logical in AE8884 / R8884C31: got '25056'"
"2","Expecting logical in AF8884 / R8884C32: got '25056'"
"2","Expecting logical in AM8884 / R8884C39: got 'ZFU'"
"2","Expecting logical in AE9190 / R9190C31: got '25388'"
"2","Expecting logical in AF9190 / R9190C32: got '25388'"
"2","Expecting logical in AM9190 / R9190C39: got 'ZFU'"
"2","Expecting logical in AE9774 / R9774C31: got '26362'"
"2","Expecting logical in AF9774 / R9774C32: got '26362'"
"2","Expecting logical in AM9774 / R9774C39: got 'ZFU'"
"2","Expecting logical in AT9856 / R9856C46: got 'ESTUAIRE'"
"2","Expecting logical in AT9958 / R9958C46: got 'ESTUAIRE'"
"2","Expecting logical in AM10016 / R10016C39: got 'ZFU'"
"2","Expecting logical in AT10020 / R10020C46: got 'MER'"
"2","Expecting logical in AT10029 / R10029C46: got 'MER'"
"2","Expecting logical in AT10046 / R10046C46: got 'ESTUAIRE'"
"2","Expecting logical in AM10091 / R10091C39: got 'ZFU'"
"2","Expecting logical in AT10169 / R10169C46: got 'ESTUAIRE'"
"2","Expecting logical in AT10261 / R10261C46: got 'ESTUAIRE'"
"2","Expecting logical in AT10371 / R10371C46: got 'ESTUAIRE'"
"2","Expecting logical in AM10452 / R10452C39: got 'ZFU'"
"2","Expecting logical in AM10596 / R10596C39: got 'ZFU'"
"2","Expecting logical in AM10783 / R10783C39: got 'ZFU'"
"2","Expecting logical in AT10871 / R10871C46: got 'MER'"
"2","Expecting logical in AT10873 / R10873C46: got 'MER'"
"2","Expecting logical in AT10876 / R10876C46: got 'MER'"
"2","Expecting logical in AT10878 / R10878C46: got 'MER'"
"2","Expecting logical in AT10886 / R10886C46: got 'MER'"
"2","Expecting logical in AD10888 / R10888C30: got '29019'"
"2","Expecting logical in AE10888 / R10888C31: got '29019'"
"2","Expecting logical in AF10888 / R10888C32: got '29019'"
"2","Expecting logical in AT10888 / R10888C46: got 'MER'"
"2","Expecting logical in AT10890 / R10890C46: got 'MER'"
"2","Expecting logical in AT10891 / R10891C46: got 'MER'"
"2","Expecting logical in AT10892 / R10892C46: got 'MER'"
"2","Expecting logical in AT10897 / R10897C46: got 'MER'"
"2","Expecting logical in AT10899 / R10899C46: got 'MER'"
"2","Expecting logical in AT10900 / R10900C46: got 'MER'"
"2","Expecting logical in AT10901 / R10901C46: got 'ESTUAIRE'"
"2","Expecting logical in AT10906 / R10906C46: got 'MER'"
"2","Expecting logical in AD10908 / R10908C30: got '29039'"
"2","Expecting logical in AT10908 / R10908C46: got 'MER'"
"2","Expecting logical in AT10909 / R10909C46: got 'MER'"
"2","Expecting logical in AT10911 / R10911C46: got 'MER'"
"2","Expecting logical in AT10912 / R10912C46: got 'MER'"
"2","Expecting logical in AT10913 / R10913C46: got 'MER'"
"2","Expecting logical in AT10914 / R10914C46: got 'MER'"
"2","Expecting logical in AD10915 / R10915C30: got '29046'"
"2","Expecting logical in AT10915 / R10915C46: got 'MER'"
"2","Expecting logical in AT10920 / R10920C46: got 'MER'"
"2","Expecting logical in AT10921 / R10921C46: got 'MER'"
"2","Expecting logical in AT10924 / R10924C46: got 'MER'"
"2","Expecting logical in AT10925 / R10925C46: got 'MER'"
"2","Expecting logical in AT10926 / R10926C46: got 'MER'"
"2","Expecting logical in AT10931 / R10931C46: got 'MER'"
"2","Expecting logical in AT10932 / R10932C46: got 'MER'"
"2","Expecting logical in AT10940 / R10940C46: got 'MER'"
"2","Expecting logical in AT10941 / R10941C46: got 'MER'"
"2","Expecting logical in AT10943 / R10943C46: got 'MER'"
"2","Expecting logical in AT10945 / R10945C46: got 'MER'"
"2","Expecting logical in AT10946 / R10946C46: got 'MER'"
"2","Expecting logical in AT10947 / R10947C46: got 'MER'"
"2","Expecting logical in AT10948 / R10948C46: got 'MER'"
"2","Expecting logical in AT10950 / R10950C46: got 'MER'"
"2","Expecting logical in AT10951 / R10951C46: got 'MER'"
"2","Expecting logical in AT10952 / R10952C46: got 'MER'"
"2","Expecting logical in AT10953 / R10953C46: got 'MER'"
"2","Expecting logical in AT10957 / R10957C46: got 'MER'"
"2","Expecting logical in AT10958 / R10958C46: got 'MER'"
"2","Expecting logical in AT10963 / R10963C46: got 'MER'"
"2","Expecting logical in AT10964 / R10964C46: got 'MER'"
"2","Expecting logical in AT10966 / R10966C46: got 'MER'"
"2","Expecting logical in AD10968 / R10968C30: got '29103'"
"2","Expecting logical in AT10968 / R10968C46: got 'MER'"
"2","Expecting logical in AT10969 / R10969C46: got 'MER'"
"2","Expecting logical in AT10974 / R10974C46: got 'MER'"
"2","Expecting logical in AT10977 / R10977C46: got 'MER'"
"2","Expecting logical in AT10982 / R10982C46: got 'MER'"
"2","Expecting logical in AT10984 / R10984C46: got 'MER'"
"2","Expecting logical in AT10993 / R10993C46: got 'MER'"
"2","Expecting logical in AT10995 / R10995C46: got 'MER'"
"2","Expecting logical in AT10996 / R10996C46: got 'MER'"
"2","Expecting logical in AT10998 / R10998C46: got 'MER'"
"2","Expecting logical in AT11000 / R11000C46: got 'MER'"
"2","Expecting logical in AT11002 / R11002C46: got 'MER'"
"2","Expecting logical in AT11012 / R11012C46: got 'MER'"
"2","Expecting logical in AD11013 / R11013C30: got '29151'"
"2","Expecting logical in AE11013 / R11013C31: got '29151'"
"2","Expecting logical in AT11013 / R11013C46: got 'MER'"
"2","Expecting logical in AT11015 / R11015C46: got 'MER'"
"2","Expecting logical in AE11016 / R11016C31: got '29155'"
"2","Expecting logical in AT11016 / R11016C46: got 'MER'"
"2","Expecting logical in AT11018 / R11018C46: got 'MER'"
"2","Expecting logical in AT11024 / R11024C46: got 'MER'"
"2","Expecting logical in AT11025 / R11025C46: got 'MER'"
"2","Expecting logical in AT11027 / R11027C46: got 'MER'"
"2","Expecting logical in AT11030 / R11030C46: got 'MER'"
"2","Expecting logical in AT11031 / R11031C46: got 'MER'"
"2","Expecting logical in AT11035 / R11035C46: got 'MER'"
"2","Expecting logical in AT11036 / R11036C46: got 'MER'"
"2","Expecting logical in AT11037 / R11037C46: got 'MER'"
"2","Expecting logical in AT11043 / R11043C46: got 'MER'"
"2","Expecting logical in AT11044 / R11044C46: got 'MER'"
"2","Expecting logical in AT11045 / R11045C46: got 'MER'"
"2","Expecting logical in AT11047 / R11047C46: got 'MER'"
"2","Expecting logical in AT11048 / R11048C46: got 'MER'"
"2","Expecting logical in AT11049 / R11049C46: got 'MER'"
"2","Expecting logical in AT11051 / R11051C46: got 'MER'"
"2","Expecting logical in AT11053 / R11053C46: got 'MER'"
"2","Expecting logical in AT11054 / R11054C46: got 'MER'"
"2","Expecting logical in AT11055 / R11055C46: got 'MER'"
"2","Expecting logical in AT11056 / R11056C46: got 'MER'"
"2","Expecting logical in AT11058 / R11058C46: got 'MER'"
"2","Expecting logical in AT11060 / R11060C46: got 'MER'"
"2","Expecting logical in AT11063 / R11063C46: got 'MER'"
"2","Expecting logical in AT11066 / R11066C46: got 'MER'"
"2","Expecting logical in AT11069 / R11069C46: got 'MER'"
"2","Expecting logical in AT11071 / R11071C46: got 'MER'"
"2","Expecting logical in AT11072 / R11072C46: got 'MER'"
"2","Expecting logical in AT11074 / R11074C46: got 'MER'"
"2","Expecting logical in AT11075 / R11075C46: got 'MER'"
"2","Expecting logical in AT11077 / R11077C46: got 'MER'"
"2","Expecting logical in AT11078 / R11078C46: got 'MER'"
"2","Expecting logical in AT11081 / R11081C46: got 'MER'"
"2","Expecting logical in AT11082 / R11082C46: got 'MER'"
"2","Expecting logical in AT11084 / R11084C46: got 'MER'"
"2","Expecting logical in AD11087 / R11087C30: got '29232'"
"2","Expecting logical in AE11087 / R11087C31: got '29232'"
"2","Expecting logical in AT11090 / R11090C46: got 'MER'"
"2","Expecting logical in AT11091 / R11091C46: got 'MER'"
"2","Expecting logical in AT11093 / R11093C46: got 'MER'"
"2","Expecting logical in AD11094 / R11094C30: got '29239'"
"2","Expecting logical in AT11094 / R11094C46: got 'MER'"
"2","Expecting logical in AT11095 / R11095C46: got 'MER'"
"2","Expecting logical in AT11105 / R11105C46: got 'MER'"
"2","Expecting logical in AT11106 / R11106C46: got 'MER'"
"2","Expecting logical in AT11107 / R11107C46: got 'ESTUAIRE'"
"2","Expecting logical in AT11109 / R11109C46: got 'MER'"
"2","Expecting logical in AT11110 / R11110C46: got 'MER'"
"2","Expecting logical in AT11111 / R11111C46: got 'MER'"
"2","Expecting logical in AT11125 / R11125C46: got 'MER'"
"2","Expecting logical in AT11128 / R11128C46: got 'MER'"
"2","Expecting logical in AT11131 / R11131C46: got 'MER'"
"2","Expecting logical in AT11132 / R11132C46: got 'MER'"
"2","Expecting logical in AT11134 / R11134C46: got 'MER'"
"2","Expecting logical in AT11135 / R11135C46: got 'MER'"
"2","Expecting logical in AT11138 / R11138C46: got 'MER'"
"2","Expecting logical in AT11140 / R11140C46: got 'MER'"
"2","Expecting logical in AT11141 / R11141C46: got 'MER'"
"2","Expecting logical in AT11143 / R11143C46: got 'MER'"
"2","Expecting logical in AT11144 / R11144C46: got 'MER'"
"2","Expecting logical in AT11149 / R11149C46: got 'MER'"
"2","Expecting logical in AT11153 / R11153C46: got 'ESTUAIRE'"
"2","Expecting logical in AD11155 / R11155C30: got '2A004'"
"2","Expecting logical in AE11155 / R11155C31: got '2A004'"
"2","Expecting logical in AT11155 / R11155C46: got 'MER'"
"2","Expecting logical in AT11156 / R11156C46: got 'MER'"
"2","Expecting logical in AT11157 / R11157C46: got 'MER'"
"2","Expecting logical in AT11160 / R11160C46: got 'MER'"
"2","Expecting logical in AT11171 / R11171C46: got 'MER'"
"2","Expecting logical in AD11174 / R11174C30: got '2A041'"
"2","Expecting logical in AT11174 / R11174C46: got 'MER'"
"2","Expecting logical in AT11175 / R11175C46: got 'MER'"
"2","Expecting logical in AT11181 / R11181C46: got 'MER'"
"2","Expecting logical in AT11183 / R11183C46: got 'MER'"
"2","Expecting logical in AT11187 / R11187C46: got 'MER'"
"2","Expecting logical in AT11189 / R11189C46: got 'MER'"
"2","Expecting logical in AT11191 / R11191C46: got 'MER'"
"2","Expecting logical in AE11197 / R11197C31: got '2A114'"
"2","Expecting logical in AT11197 / R11197C46: got 'MER'"
"2","Expecting logical in AT11205 / R11205C46: got 'MER'"
"2","Expecting logical in AT11209 / R11209C46: got 'MER'"
"2","Expecting logical in AT11217 / R11217C46: got 'MER'"
"2","Expecting logical in AT11221 / R11221C46: got 'MER'"
"2","Expecting logical in AT11224 / R11224C46: got 'MER'"
"2","Expecting logical in AT11225 / R11225C46: got 'MER'"
"2","Expecting logical in AT11227 / R11227C46: got 'MER'"
"2","Expecting logical in AT11231 / R11231C46: got 'MER'"
"2","Expecting logical in AT11232 / R11232C46: got 'MER'"
"2","Expecting logical in AT11233 / R11233C46: got 'MER'"
"2","Expecting logical in AD11236 / R11236C30: got '2A247'"
"2","Expecting logical in AT11236 / R11236C46: got 'MER'"
"2","Expecting logical in AD11237 / R11237C30: got '2A249'"
"2","Expecting logical in AT11237 / R11237C46: got 'MER'"
"2","Expecting logical in AT11245 / R11245C46: got 'MER'"
"2","Expecting logical in AT11248 / R11248C46: got 'MER'"
"2","Expecting logical in AT11249 / R11249C46: got 'MER'"
"2","Expecting logical in AT11251 / R11251C46: got 'MER'"
"2","Expecting logical in AT11256 / R11256C46: got 'MER'"
"2","Expecting logical in AT11269 / R11269C46: got 'MER'"
"2","Expecting logical in AT11271 / R11271C46: got 'MER'"
"2","Expecting logical in AT11276 / R11276C46: got 'MER'"
"2","Expecting logical in AT11282 / R11282C46: got 'MER'"
"2","Expecting logical in AT11283 / R11283C46: got 'MER'"
"2","Expecting logical in AT11288 / R11288C46: got 'MER'"
"2","Expecting logical in AT11292 / R11292C46: got 'MER'"
"2","Expecting logical in AD11293 / R11293C30: got '2B033'"
"2","Expecting logical in AE11293 / R11293C31: got '2B033'"
"2","Expecting logical in AT11293 / R11293C46: got 'MER'"
"2","Expecting logical in AT11294 / R11294C46: got 'MER'"
"2","Expecting logical in AT11296 / R11296C46: got 'MER'"
"2","Expecting logical in AT11298 / R11298C46: got 'MER'"
"2","Expecting logical in AT11299 / R11299C46: got 'MER'"
"2","Expecting logical in AT11301 / R11301C46: got 'MER'"
"2","Expecting logical in AT11303 / R11303C46: got 'MER'"
"2","Expecting logical in AD11304 / R11304C30: got '2B050'"
"2","Expecting logical in AE11304 / R11304C31: got '2B050'"
"2","Expecting logical in AT11304 / R11304C46: got 'MER'"
"2","Expecting logical in AT11310 / R11310C46: got 'MER'"
"2","Expecting logical in AT11311 / R11311C46: got 'MER'"
"2","Expecting logical in AT11321 / R11321C46: got 'MER'"
"2","Expecting logical in AT11329 / R11329C46: got 'MER'"
"2","Expecting logical in AT11330 / R11330C46: got 'MER'"
"2","Expecting logical in AT11332 / R11332C46: got 'MER'"
"2","Expecting logical in AT11340 / R11340C46: got 'MER'"
"2","Expecting logical in AT11341 / R11341C46: got 'MER'"
"2","Expecting logical in AT11347 / R11347C46: got 'MER'"
"2","Expecting logical in AT11348 / R11348C46: got 'MER'"
"2","Expecting logical in AT11350 / R11350C46: got 'MER'"
"2","Expecting logical in AD11354 / R11354C30: got '2B134'"
"2","Expecting logical in AT11354 / R11354C46: got 'MER'"
"2","Expecting logical in AT11360 / R11360C46: got 'MER'"
"2","Expecting logical in AT11363 / R11363C46: got 'MER'"
"2","Expecting logical in AT11365 / R11365C46: got 'MER'"
"2","Expecting logical in AT11366 / R11366C46: got 'MER'"
"2","Expecting logical in AT11371 / R11371C46: got 'MER'"
"2","Expecting logical in AT11378 / R11378C46: got 'MER'"
"2","Expecting logical in AT11380 / R11380C46: got 'MER'"
"2","Expecting logical in AT11387 / R11387C46: got 'MER'"
"2","Expecting logical in AT11390 / R11390C46: got 'MER'"
"2","Expecting logical in AT11391 / R11391C46: got 'MER'"
"2","Expecting logical in AT11394 / R11394C46: got 'MER'"
"2","Expecting logical in AT11401 / R11401C46: got 'MER'"
"2","Expecting logical in AT11404 / R11404C46: got 'MER'"
"2","Expecting logical in AT11406 / R11406C46: got 'MER'"
"2","Expecting logical in AT11419 / R11419C46: got 'MER'"
"2","Expecting logical in AT11426 / R11426C46: got 'MER'"
"2","Expecting logical in AT11433 / R11433C46: got 'MER'"
"2","Expecting logical in AT11440 / R11440C46: got 'MER'"
"2","Expecting logical in AT11446 / R11446C46: got 'MER'"
"2","Expecting logical in AT11454 / R11454C46: got 'MER'"
"2","Expecting logical in AT11456 / R11456C46: got 'MER'"
"2","Expecting logical in AT11457 / R11457C46: got 'MER'"
"2","Expecting logical in AT11458 / R11458C46: got 'MER'"
"2","Expecting logical in AT11467 / R11467C46: got 'MER'"
"2","Expecting logical in AT11469 / R11469C46: got 'MER'"
"2","Expecting logical in AT11471 / R11471C46: got 'MER'"
"2","Expecting logical in AT11473 / R11473C46: got 'MER'"
"2","Expecting logical in AT11475 / R11475C46: got 'MER'"
"2","Expecting logical in AT11476 / R11476C46: got 'MER'"
"2","Expecting logical in AT11477 / R11477C46: got 'MER'"
"2","Expecting logical in AT11478 / R11478C46: got 'MER'"
"2","Expecting logical in AT11479 / R11479C46: got 'MER'"
"2","Expecting logical in AT11483 / R11483C46: got 'MER'"
"2","Expecting logical in AT11484 / R11484C46: got 'MER'"
"2","Expecting logical in AT11485 / R11485C46: got 'MER'"
"2","Expecting logical in AT11487 / R11487C46: got 'MER'"
"2","Expecting logical in AT11493 / R11493C46: got 'MER'"
"2","Expecting logical in AT11499 / R11499C46: got 'MER'"
"2","Expecting logical in AT11500 / R11500C46: got 'MER'"
"2","Expecting logical in AT11502 / R11502C46: got 'ESTUAIRE'"
"2","Expecting logical in AT11506 / R11506C46: got 'MER'"
"2","Expecting logical in AT11516 / R11516C46: got 'MER'"
"2","Expecting logical in AT11643 / R11643C46: got 'MER'"
"2","Expecting logical in AE11699 / R11699C31: got '30189'"
"2","Expecting logical in AF11699 / R11699C32: got '30189'"
"2","Expecting logical in AM11699 / R11699C39: got 'ZFU'"
"2","Expecting logical in AT11786 / R11786C46: got 'MER'"
"2","Expecting logical in AT11851 / R11851C46: got 'ESTUAIRE'"
"2","Expecting logical in AE12417 / R12417C31: got '31555'"
"2","Expecting logical in AF12417 / R12417C32: got '31555'"
"2","Expecting logical in AM12417 / R12417C39: got 'ZFU'"
"2","Expecting logical in AT12923 / R12923C46: got 'MER'"
"2","Expecting logical in AT12927 / R12927C46: got 'MER'"
"2","Expecting logical in AT12929 / R12929C46: got 'MER'"
"2","Expecting logical in AT12937 / R12937C46: got 'MER'"
"2","Expecting logical in AT12956 / R12956C46: got 'ESTUAIRE'"
"2","Expecting logical in AT12968 / R12968C46: got 'MER'"
"2","Expecting logical in AT12975 / R12975C46: got 'ESTUAIRE'"
"2","Expecting logical in AD12980 / R12980C30: got '33063'"
"2","Expecting logical in AE12980 / R12980C31: got '33063'"
"2","Expecting logical in AF12980 / R12980C32: got '33063'"
"2","Expecting logical in AM12980 / R12980C39: got 'ZFU'"
"2","Expecting logical in AT12990 / R12990C46: got 'ESTUAIRE'"
"2","Expecting logical in AT13014 / R13014C46: got 'MER'"
"2","Expecting logical in AM13035 / R13035C39: got 'ZFU'"
"2","Expecting logical in AT13062 / R13062C46: got 'ESTUAIRE'"
"2","Expecting logical in AM13083 / R13083C39: got 'ZFU'"
"2","Expecting logical in AT13088 / R13088C46: got 'ESTUAIRE'"
"2","Expecting logical in AT13109 / R13109C46: got 'MER'"
"2","Expecting logical in AT13115 / R13115C46: got 'MER'"
"2","Expecting logical in AT13119 / R13119C46: got 'MER'"
"2","Expecting logical in AT13124 / R13124C46: got 'ESTUAIRE'"
"2","Expecting logical in AT13130 / R13130C46: got 'MER'"
"2","Expecting logical in AT13144 / R13144C46: got 'MER'"
"2","Expecting logical in AT13151 / R13151C46: got 'MER'"
"2","Expecting logical in AM13164 / R13164C39: got 'ZFU'"
"2","Expecting logical in AT13213 / R13213C46: got 'MER'"
"2","Expecting logical in AT13226 / R13226C46: got 'ESTUAIRE'"
"2","Expecting logical in AT13245 / R13245C46: got 'MER'"
"2","Expecting logical in AT13280 / R13280C46: got 'ESTUAIRE'"
"2","Expecting logical in AT13293 / R13293C46: got 'ESTUAIRE'"
"2","Expecting logical in AT13299 / R13299C46: got 'ESTUAIRE'"
"2","Expecting logical in AT13305 / R13305C46: got 'ESTUAIRE'"
"2","Expecting logical in AT13315 / R13315C46: got 'ESTUAIRE'"
"2","Expecting logical in AT13332 / R13332C46: got 'ESTUAIRE'"
"2","Expecting logical in AT13382 / R13382C46: got 'ESTUAIRE'"
"2","Expecting logical in AT13396 / R13396C46: got 'ESTUAIRE'"
"2","Expecting logical in AT13399 / R13399C46: got 'ESTUAIRE'"
"2","Expecting logical in AT13419 / R13419C46: got 'MER'"
"2","Expecting logical in AT13426 / R13426C46: got 'ESTUAIRE'"
"2","Expecting logical in AT13432 / R13432C46: got 'MER'"
"2","Expecting logical in AT13434 / R13434C46: got 'MER'"
"2","Expecting logical in AT13443 / R13443C46: got 'ESTUAIRE'"
"2","Expecting logical in AT13445 / R13445C46: got 'MER'"
"2","Expecting logical in AT13446 / R13446C46: got 'MER'"
"2","Expecting logical in AT13449 / R13449C46: got 'MER'"
"2","Expecting logical in AT13463 / R13463C46: got 'MER'"
"2","Expecting logical in AT13483 / R13483C46: got 'MER'"
"2","Expecting logical in AT13484 / R13484C46: got 'MER'"
"2","Expecting logical in AE13492 / R13492C31: got '34032'"
"2","Expecting logical in AM13492 / R13492C39: got 'ZFU'"
"2","Expecting logical in AT13499 / R13499C46: got 'MER'"
"2","Expecting logical in AT13510 / R13510C46: got 'MER'"
"2","Expecting logical in AT13568 / R13568C46: got 'MER'"
"2","Expecting logical in AT13587 / R13587C46: got 'MER'"
"2","Expecting logical in AT13589 / R13589C46: got 'MER'"
"2","Expecting logical in AT13603 / R13603C46: got 'MER'"
"2","Expecting logical in AT13610 / R13610C46: got 'MER'"
"2","Expecting logical in AT13611 / R13611C46: got 'MER'"
"2","Expecting logical in AT13614 / R13614C46: got 'MER'"
"2","Expecting logical in AT13617 / R13617C46: got 'MER'"
"2","Expecting logical in AT13619 / R13619C46: got 'MER'"
"2","Expecting logical in AE13632 / R13632C31: got '34172'"
"2","Expecting logical in AF13632 / R13632C32: got '34172'"
"2","Expecting logical in AM13632 / R13632C39: got 'ZFU'"
"2","Expecting logical in AT13652 / R13652C46: got 'MER'"
"2","Expecting logical in AT13658 / R13658C46: got 'MER'"
"2","Expecting logical in AT13669 / R13669C46: got 'MER'"
"2","Expecting logical in AT13673 / R13673C46: got 'MER'"
"2","Expecting logical in AT13758 / R13758C46: got 'MER'"
"2","Expecting logical in AD13760 / R13760C30: got '34301'"
"2","Expecting logical in AT13760 / R13760C46: got 'MER'"
"2","Expecting logical in AT13783 / R13783C46: got 'MER'"
"2","Expecting logical in AT13788 / R13788C46: got 'MER'"
"2","Expecting logical in AT13791 / R13791C46: got 'MER'"
"2","Expecting logical in AT13792 / R13792C46: got 'MER'"
"2","Expecting logical in AT13796 / R13796C46: got 'MER'"
"2","Expecting logical in AT13803 / R13803C46: got 'MER'"
"2","Expecting logical in AT13849 / R13849C46: got 'MER'"
"2","Expecting logical in AT13876 / R13876C46: got 'MER'"
"2","Expecting logical in AE13891 / R13891C31: got '35093'"
"2","Expecting logical in AT13891 / R13891C46: got 'MER'"
"2","Expecting logical in AT13930 / R13930C46: got 'MER'"
"2","Expecting logical in AT13979 / R13979C46: got 'MER'"
"2","Expecting logical in AT13983 / R13983C46: got 'MER'"
"2","Expecting logical in AT14024 / R14024C46: got 'MER'"
"2","Expecting logical in AD14032 / R14032C30: got '35236'"
"2","Expecting logical in AE14034 / R14034C31: got '35238'"
"2","Expecting logical in AF14034 / R14034C32: got '35238'"
"2","Expecting logical in AT14037 / R14037C46: got 'MER'"
"2","Expecting logical in AT14043 / R14043C46: got 'MER'"
"2","Expecting logical in AT14051 / R14051C46: got 'MER'"
"2","Expecting logical in AT14052 / R14052C46: got 'MER'"
"2","Expecting logical in AT14055 / R14055C46: got 'MER'"
"2","Expecting logical in AT14059 / R14059C46: got 'MER'"
"2","Expecting logical in AT14080 / R14080C46: got 'MER'"
"2","Expecting logical in AT14083 / R14083C46: got 'MER'"
"2","Expecting logical in AD14084 / R14084C30: got '35288'"
"2","Expecting logical in AT14084 / R14084C46: got 'MER'"
"2","Expecting logical in AT14094 / R14094C46: got 'MER'"
"2","Expecting logical in AT14101 / R14101C46: got 'MER'"
"2","Expecting logical in AT14108 / R14108C46: got 'MER'"
"2","Expecting logical in AT14151 / R14151C46: got 'MER'"
"2","Expecting logical in AT14154 / R14154C46: got 'MER'"
"2","Expecting logical in AE14199 / R14199C31: got '36044'"
"2","Expecting logical in AE14659 / R14659C31: got '37261'"
"2","Expecting logical in AF14659 / R14659C32: got '37261'"
"2","Expecting logical in AE14852 / R14852C31: got '38185'"
"2","Expecting logical in AF14852 / R14852C32: got '38185'"
"2","Expecting logical in AM14852 / R14852C39: got 'ZFU'"
"2","Expecting logical in AE15043 / R15043C31: got '38387'"
"2","Expecting logical in AT15247 / R15247C46: got 'LAC'"
"2","Expecting logical in AT15269 / R15269C46: got 'LAC'"
"2","Expecting logical in AT15291 / R15291C46: got 'LAC'"
"2","Expecting logical in AT15309 / R15309C46: got 'LAC'"
"2","Expecting logical in AT15375 / R15375C46: got 'LAC'"
"2","Expecting logical in AE15397 / R15397C31: got '39198'"
"2","Expecting logical in AT15471 / R15471C46: got 'LAC'"
"2","Expecting logical in AT15482 / R15482C46: got 'LAC'"
"2","Expecting logical in AT15500 / R15500C46: got 'LAC'"
"2","Expecting logical in AT15524 / R15524C46: got 'LAC'"
"2","Expecting logical in AT15579 / R15579C46: got 'LAC'"
"2","Expecting logical in AT15582 / R15582C46: got 'LAC'"
"2","Expecting logical in AT15617 / R15617C46: got 'LAC'"
"2","Expecting logical in AT15709 / R15709C46: got 'LAC'"
"2","Expecting logical in AT15800 / R15800C46: got 'MER'"
"2","Expecting logical in AT15819 / R15819C46: got 'MER'"
"2","Expecting logical in AT15862 / R15862C46: got 'MER'"
"2","Expecting logical in AT15887 / R15887C46: got 'MER'"
"2","Expecting logical in AT15911 / R15911C46: got 'MER'"
"2","Expecting logical in AT15935 / R15935C46: got 'MER'"
"2","Expecting logical in AT15938 / R15938C46: got 'MER'"
"2","Expecting logical in AT15941 / R15941C46: got 'MER'"
"2","Expecting logical in AT15963 / R15963C46: got 'MER'"
"2","Expecting logical in AT15971 / R15971C46: got 'MER'"
"2","Expecting logical in AT16010 / R16010C46: got 'MER'"
"2","Expecting logical in AT16019 / R16019C46: got 'MER'"
"2","Expecting logical in AT16040 / R16040C46: got 'MER'"
"2","Expecting logical in AT16049 / R16049C46: got 'MER'"
"2","Expecting logical in AT16057 / R16057C46: got 'MER'"
"2","Expecting logical in AT16063 / R16063C46: got 'MER'"
"2","Expecting logical in AT16065 / R16065C46: got 'MER'"
"2","Expecting logical in AT16079 / R16079C46: got 'MER'"
"2","Expecting logical in AT16081 / R16081C46: got 'MER'"
"2","Expecting logical in AE16105 / R16105C31: got '41018'"
"2","Expecting logical in AM16105 / R16105C39: got 'ZFU'"
"2","Expecting logical in AE16560 / R16560C31: got '42187'"
"2","Expecting logical in AE16590 / R16590C31: got '42218'"
"2","Expecting logical in AF16590 / R16590C32: got '42218'"
"2","Expecting logical in AM16590 / R16590C39: got 'ZFU'"
"2","Expecting logical in AE16861 / R16861C31: got '43157'"
"2","Expecting logical in AE16968 / R16968C31: got '44003'"
"2","Expecting logical in AT16971 / R16971C46: got 'MER'"
"2","Expecting logical in AT16975 / R16975C46: got 'MER'"
"2","Expecting logical in AT16977 / R16977C46: got 'MER'"
"2","Expecting logical in AT16983 / R16983C46: got 'LAC'"
"2","Expecting logical in AT16984 / R16984C46: got 'ESTUAIRE'"
"2","Expecting logical in AT16986 / R16986C46: got 'ESTUAIRE'"
"2","Expecting logical in AT16998 / R16998C46: got 'ESTUAIRE'"
"2","Expecting logical in AT17006 / R17006C46: got 'LAC'"
"2","Expecting logical in AT17010 / R17010C46: got 'ESTUAIRE'"
"2","Expecting logical in AT17013 / R17013C46: got 'MER'"
"2","Expecting logical in AT17016 / R17016C46: got 'ESTUAIRE'"
"2","Expecting logical in AT17019 / R17019C46: got 'MER'"
"2","Expecting logical in AT17025 / R17025C46: got 'ESTUAIRE'"
"2","Expecting logical in AT17033 / R17033C46: got 'MER'"
"2","Expecting logical in AT17044 / R17044C46: got 'ESTUAIRE'"
"2","Expecting logical in AT17061 / R17061C46: got 'MER'"
"2","Expecting logical in AT17067 / R17067C46: got 'ESTUAIRE'"
"2","Expecting logical in AT17070 / R17070C46: got 'MER'"
"2","Expecting logical in AD17073 / R17073C30: got '44109'"
"2","Expecting logical in AE17073 / R17073C31: got '44109'"
"2","Expecting logical in AF17073 / R17073C32: got '44109'"
"2","Expecting logical in AM17073 / R17073C39: got 'ZFU'"
"2","Expecting logical in AT17080 / R17080C46: got 'ESTUAIRE'"
"2","Expecting logical in AT17089 / R17089C46: got 'MER'"
"2","Expecting logical in AT17090 / R17090C46: got 'MER'"
"2","Expecting logical in AT17095 / R17095C46: got 'MER'"
"2","Expecting logical in AT17096 / R17096C46: got 'MER'"
"2","Expecting logical in AT17099 / R17099C46: got 'MER'"
"2","Expecting logical in AT17100 / R17100C46: got 'MER'"
"2","Expecting logical in AT17114 / R17114C46: got 'LAC'"
"2","Expecting logical in AT17118 / R17118C46: got 'MER'"
"2","Expecting logical in AM17126 / R17126C39: got 'ZFU'"
"2","Expecting logical in AT17137 / R17137C46: got 'LAC'"
"2","Expecting logical in AT17140 / R17140C46: got 'LAC'"
"2","Expecting logical in AT17144 / R17144C46: got 'MER'"
"2","Expecting logical in AE17146 / R17146C31: got '44184'"
"2","Expecting logical in AF17146 / R17146C32: got '44184'"
"2","Expecting logical in AM17146 / R17146C39: got 'ZFU'"
"2","Expecting logical in AT17146 / R17146C46: got 'MER'"
"2","Expecting logical in AT17150 / R17150C46: got 'LAC'"
"2","Expecting logical in AT17154 / R17154C46: got 'ESTUAIRE'"
"2","Expecting logical in AT17173 / R17173C46: got 'MER'"
"2","Expecting logical in AE17410 / R17410C31: got '45234'"
"2","Expecting logical in AF17410 / R17410C32: got '45234'"
"2","Expecting logical in AM17410 / R17410C39: got 'ZFU'"
"2","Expecting logical in AE17562 / R17562C31: got '46042'"
"2","Expecting logical in AE17861 / R17861C31: got '47001'"
"2","Expecting logical in AT18180 / R18180C46: got 'LAC'"
"2","Expecting logical in AT18188 / R18188C46: got 'LAC'"
"2","Expecting logical in AT18216 / R18216C46: got 'LAC'"
"2","Expecting logical in AT18236 / R18236C46: got 'LAC'"
"2","Expecting logical in AT18254 / R18254C46: got 'LAC'"
"2","Expecting logical in AT18278 / R18278C46: got 'LAC'"
"2","Expecting logical in AE18371 / R18371C31: got '49007'"
"2","Expecting logical in AF18371 / R18371C32: got '49007'"
"2","Expecting logical in AM18371 / R18371C39: got 'ZFU'"
"2","Expecting logical in AM18383 / R18383C39: got 'ZFU'"
"2","Expecting logical in AE18462 / R18462C31: got '49099'"
"2","Expecting logical in AT18724 / R18724C46: got 'MER'"
"2","Expecting logical in AT18731 / R18731C46: got 'ESTUAIRE'"
"2","Expecting logical in AT18734 / R18734C46: got 'MER'"
"2","Expecting logical in AT18735 / R18735C46: got 'MER'"
"2","Expecting logical in AT18739 / R18739C46: got 'MER'"
"2","Expecting logical in AT18740 / R18740C46: got 'MER'"
"2","Expecting logical in AT18741 / R18741C46: got 'MER'"
"2","Expecting logical in AT18744 / R18744C46: got 'MER'"
"2","Expecting logical in AT18749 / R18749C46: got 'MER'"
"2","Expecting logical in AT18750 / R18750C46: got 'MER'"
"2","Expecting logical in AT18752 / R18752C46: got 'MER'"
"2","Expecting logical in AT18760 / R18760C46: got 'MER'"
"2","Expecting logical in AT18761 / R18761C46: got 'MER'"
"2","Expecting logical in AT18774 / R18774C46: got 'MER'"
"2","Expecting logical in AT18775 / R18775C46: got 'MER'"
"2","Expecting logical in AT18782 / R18782C46: got 'MER'"
"2","Expecting logical in AT18790 / R18790C46: got 'MER'"
"2","Expecting logical in AT18791 / R18791C46: got 'MER'"
"2","Expecting logical in AT18792 / R18792C46: got 'MER'"
"2","Expecting logical in AT18794 / R18794C46: got 'MER'"
"2","Expecting logical in AT18795 / R18795C46: got 'MER'"
"2","Expecting logical in AT18799 / R18799C46: got 'MER'"
"2","Expecting logical in AT18803 / R18803C46: got 'MER'"
"2","Expecting logical in AT18815 / R18815C46: got 'MER'"
"2","Expecting logical in AT18820 / R18820C46: got 'MER'"
"2","Expecting logical in AT18828 / R18828C46: got 'MER'"
"2","Expecting logical in AD18839 / R18839C30: got '50129'"
"2","Expecting logical in AE18839 / R18839C31: got '50129'"
"2","Expecting logical in AM18839 / R18839C39: got 'ZFU'"
"2","Expecting logical in AT18839 / R18839C46: got 'MER'"
"2","Expecting logical in AT18851 / R18851C46: got 'MER'"
"2","Expecting logical in AT18852 / R18852C46: got 'MER'"
"2","Expecting logical in AT18855 / R18855C46: got 'MER'"
"2","Expecting logical in AT18859 / R18859C46: got 'MER'"
"2","Expecting logical in AT18860 / R18860C46: got 'MER'"
"2","Expecting logical in AT18868 / R18868C46: got 'MER'"
"2","Expecting logical in AT18870 / R18870C46: got 'MER'"
"2","Expecting logical in AT18871 / R18871C46: got 'MER'"
"2","Expecting logical in AT18873 / R18873C46: got 'MER'"
"2","Expecting logical in AT18875 / R18875C46: got 'MER'"
"2","Expecting logical in AT18879 / R18879C46: got 'MER'"
"2","Expecting logical in AT18881 / R18881C46: got 'MER'"
"2","Expecting logical in AT18886 / R18886C46: got 'MER'"
"2","Expecting logical in AT18892 / R18892C46: got 'MER'"
"2","Expecting logical in AT18898 / R18898C46: got 'MER'"
"2","Expecting logical in AT18899 / R18899C46: got 'MER'"
"2","Expecting logical in AT18904 / R18904C46: got 'MER'"
"2","Expecting logical in AT18906 / R18906C46: got 'MER'"
"2","Expecting logical in AT18907 / R18907C46: got 'MER'"
"2","Expecting logical in AT18911 / R18911C46: got 'MER'"
"2","Expecting logical in AT18918 / R18918C46: got 'MER'"
"2","Expecting logical in AT18922 / R18922C46: got 'MER'"
"2","Expecting logical in AD18925 / R18925C30: got '50218'"
"2","Expecting logical in AT18925 / R18925C46: got 'MER'"
"2","Expecting logical in AT18927 / R18927C46: got 'MER'"
"2","Expecting logical in AT18937 / R18937C46: got 'MER'"
"2","Expecting logical in AT18944 / R18944C46: got 'MER'"
"2","Expecting logical in AT18948 / R18948C46: got 'MER'"
"2","Expecting logical in AT18949 / R18949C46: got 'MER'"
"2","Expecting logical in AT18959 / R18959C46: got 'MER'"
"2","Expecting logical in AT18963 / R18963C46: got 'MER'"
"2","Expecting logical in AT18972 / R18972C46: got 'MER'"
"2","Expecting logical in AT18973 / R18973C46: got 'MER'"
"2","Expecting logical in AT18977 / R18977C46: got 'MER'"
"2","Expecting logical in AT18992 / R18992C46: got 'MER'"
"2","Expecting logical in AT19000 / R19000C46: got 'MER'"
"2","Expecting logical in AT19029 / R19029C46: got 'MER'"
"2","Expecting logical in AT19036 / R19036C46: got 'MER'"
"2","Expecting logical in AT19039 / R19039C46: got 'MER'"
"2","Expecting logical in AT19044 / R19044C46: got 'MER'"
"2","Expecting logical in AT19048 / R19048C46: got 'MER'"
"2","Expecting logical in AT19053 / R19053C46: got 'MER'"
"2","Expecting logical in AT19068 / R19068C46: got 'MER'"
"2","Expecting logical in AT19076 / R19076C46: got 'MER'"
"2","Expecting logical in AT19077 / R19077C46: got 'MER'"
"2","Expecting logical in AT19079 / R19079C46: got 'ESTUAIRE'"
"2","Expecting logical in AT19092 / R19092C46: got 'MER'"
"2","Expecting logical in AT19093 / R19093C46: got 'MER'"
"2","Expecting logical in AT19097 / R19097C46: got 'ESTUAIRE'"
"2","Expecting logical in AT19098 / R19098C46: got 'MER'"
"2","Expecting logical in AT19100 / R19100C46: got 'MER'"
"2","Expecting logical in AT19102 / R19102C46: got 'MER'"
"2","Expecting logical in AT19106 / R19106C46: got 'MER'"
"2","Expecting logical in AT19107 / R19107C46: got 'MER'"
"2","Expecting logical in AT19111 / R19111C46: got 'MER'"
"2","Expecting logical in AT19116 / R19116C46: got 'MER'"
"2","Expecting logical in AT19118 / R19118C46: got 'MER'"
"2","Expecting logical in AT19121 / R19121C46: got 'MER'"
"2","Expecting logical in AT19122 / R19122C46: got 'MER'"
"2","Expecting logical in AT19130 / R19130C46: got 'MER'"
"2","Expecting logical in AT19146 / R19146C46: got 'ESTUAIRE'"
"2","Expecting logical in AT19157 / R19157C46: got 'MER'"
"2","Expecting logical in AT19163 / R19163C46: got 'MER'"
"2","Expecting logical in AT19165 / R19165C46: got 'MER'"
"2","Expecting logical in AT19167 / R19167C46: got 'MER'"
"2","Expecting logical in AT19176 / R19176C46: got 'MER'"
"2","Expecting logical in AT19182 / R19182C46: got 'MER'"
"2","Expecting logical in AT19188 / R19188C46: got 'MER'"
"2","Expecting logical in AT19192 / R19192C46: got 'MER'"
"2","Expecting logical in AT19194 / R19194C46: got 'MER'"
"2","Expecting logical in AT19202 / R19202C46: got 'MER'"
"2","Expecting logical in AT19214 / R19214C46: got 'MER'"
"2","Expecting logical in AT19225 / R19225C46: got 'ESTUAIRE'"
"2","Expecting logical in AT19226 / R19226C46: got 'MER'"
"2","Expecting logical in AT19239 / R19239C46: got 'MER'"
"2","Expecting logical in AT19252 / R19252C46: got 'MER'"
"2","Expecting logical in AT19261 / R19261C46: got 'MER'"
"2","Expecting logical in AT19262 / R19262C46: got 'MER'"
"2","Expecting logical in AT19278 / R19278C46: got 'MER'"
"2","Expecting logical in AT19279 / R19279C46: got 'MER'"
"2","Expecting logical in AT19280 / R19280C46: got 'MER'"
"2","Expecting logical in AT19287 / R19287C46: got 'MER'"
"2","Expecting logical in AT19288 / R19288C46: got 'MER'"
"2","Expecting logical in AT19292 / R19292C46: got 'MER'"
"2","Expecting logical in AT19296 / R19296C46: got 'MER'"
"2","Expecting logical in AT19299 / R19299C46: got 'MER'"
"2","Expecting logical in AT19307 / R19307C46: got 'MER'"
"2","Expecting logical in AT19311 / R19311C46: got 'ESTUAIRE'"
"2","Expecting logical in AT19337 / R19337C46: got 'LAC'"
"2","Expecting logical in AE19424 / R19424C31: got '51108'"
"2","Expecting logical in AT19530 / R19530C46: got 'LAC'"
"2","Expecting logical in AT19575 / R19575C46: got 'LAC'"
"2","Expecting logical in AT19583 / R19583C46: got 'LAC'"
"2","Expecting logical in AT19621 / R19621C46: got 'LAC'"
"2","Expecting logical in AT19713 / R19713C46: got 'LAC'"
"2","Expecting logical in AF19747 / R19747C32: got '51454'"
"2","Expecting logical in AM19747 / R19747C39: got 'ZFU'"
"2","Expecting logical in AT20086 / R20086C46: got 'LAC'"
"2","Expecting logical in AT20088 / R20088C46: got 'LAC'"
"2","Expecting logical in AT20254 / R20254C46: got 'LAC'"
"2","Expecting logical in AM20299 / R20299C39: got 'ZFU'"
"2","Expecting logical in AE20503 / R20503C31: got '53130'"
"2","Expecting logical in AT20822 / R20822C46: got 'LAC'"
"2","Expecting logical in AM20943 / R20943C39: got 'ZFU'"
"2","Expecting logical in AM20994 / R20994C39: got 'ZFU'"
"2","Expecting logical in AE21030 / R21030C31: got '54395'"
"2","Expecting logical in AF21030 / R21030C32: got '54395'"
"2","Expecting logical in AM21030 / R21030C39: got 'ZFU'"
"2","Expecting logical in AT21051 / R21051C46: got 'LAC'"
"2","Expecting logical in AT21103 / R21103C46: got 'LAC'"
"2","Expecting logical in AM21179 / R21179C39: got 'ZFU'"
"2","Expecting logical in AT21315 / R21315C46: got 'LAC'"
"2","Expecting logical in AT21440 / R21440C46: got 'LAC'"
"2","Expecting logical in AT21463 / R21463C46: got 'LAC'"
"2","Expecting logical in AT21533 / R21533C46: got 'LAC'"
"2","Expecting logical in AT21565 / R21565C46: got 'LAC'"
"2","Expecting logical in AT21603 / R21603C46: got 'LAC'"
"2","Expecting logical in AT21737 / R21737C46: got 'MER'"
"2","Expecting logical in AT21738 / R21738C46: got 'MER'"
"2","Expecting logical in AT21739 / R21739C46: got 'ESTUAIRE'"
"2","Expecting logical in AT21740 / R21740C46: got 'MER'"
"2","Expecting logical in AT21742 / R21742C46: got 'MER'"
"2","Expecting logical in AT21743 / R21743C46: got 'MER'"
"2","Expecting logical in AE21744 / R21744C31: got '56009'"
"2","Expecting logical in AT21744 / R21744C46: got 'MER'"
"2","Expecting logical in AT21748 / R21748C46: got 'MER'"
"2","Expecting logical in AT21753 / R21753C46: got 'MER'"
"2","Expecting logical in AT21758 / R21758C46: got 'MER'"
"2","Expecting logical in AT21765 / R21765C46: got 'ESTUAIRE'"
"2","Expecting logical in AT21769 / R21769C46: got 'MER'"
"2","Expecting logical in AT21771 / R21771C46: got 'MER'"
"2","Expecting logical in AT21781 / R21781C46: got 'MER'"
"2","Expecting logical in AT21787 / R21787C46: got 'MER'"
"2","Expecting logical in AT21789 / R21789C46: got 'MER'"
"2","Expecting logical in AT21790 / R21790C46: got 'MER'"
"2","Expecting logical in AT21797 / R21797C46: got 'MER'"
"2","Expecting logical in AT21804 / R21804C46: got 'MER'"
"2","Expecting logical in AT21813 / R21813C46: got 'MER'"
"2","Expecting logical in AT21819 / R21819C46: got 'MER'"
"2","Expecting logical in AT21820 / R21820C46: got 'MER'"
"2","Expecting logical in AT21821 / R21821C46: got 'MER'"
"2","Expecting logical in AT21822 / R21822C46: got 'MER'"
"2","Expecting logical in AT21823 / R21823C46: got 'MER'"
"2","Expecting logical in AT21829 / R21829C46: got 'MER'"
"2","Expecting logical in AT21830 / R21830C46: got 'MER'"
"2","Expecting logical in AT21831 / R21831C46: got 'MER'"
"2","Expecting logical in AT21832 / R21832C46: got 'MER'"
"2","Expecting logical in AT21840 / R21840C46: got 'MER'"
"2","Expecting logical in AT21841 / R21841C46: got 'MER'"
"2","Expecting logical in AT21848 / R21848C46: got 'MER'"
"2","Expecting logical in AT21850 / R21850C46: got 'MER'"
"2","Expecting logical in AT21852 / R21852C46: got 'MER'"
"2","Expecting logical in AT21853 / R21853C46: got 'MER'"
"2","Expecting logical in AD21855 / R21855C30: got '56121'"
"2","Expecting logical in AE21855 / R21855C31: got '56121'"
"2","Expecting logical in AF21855 / R21855C32: got '56121'"
"2","Expecting logical in AT21855 / R21855C46: got 'MER'"
"2","Expecting logical in AT21864 / R21864C46: got 'MER'"
"2","Expecting logical in AT21877 / R21877C46: got 'MER'"
"2","Expecting logical in AT21882 / R21882C46: got 'MER'"
"2","Expecting logical in AT21884 / R21884C46: got 'MER'"
"2","Expecting logical in AT21886 / R21886C46: got 'MER'"
"2","Expecting logical in AT21889 / R21889C46: got 'MER'"
"2","Expecting logical in AT21896 / R21896C46: got 'MER'"
"2","Expecting logical in AT21901 / R21901C46: got 'MER'"
"2","Expecting logical in AT21902 / R21902C46: got 'MER'"
"2","Expecting logical in AT21903 / R21903C46: got 'MER'"
"2","Expecting logical in AT21910 / R21910C46: got 'MER'"
"2","Expecting logical in AT21915 / R21915C46: got 'MER'"
"2","Expecting logical in AT21919 / R21919C46: got 'MER'"
"2","Expecting logical in AT21920 / R21920C46: got 'MER'"
"2","Expecting logical in AT21927 / R21927C46: got 'MER'"
"2","Expecting logical in AT21939 / R21939C46: got 'MER'"
"2","Expecting logical in AT21948 / R21948C46: got 'MER'"
"2","Expecting logical in AT21953 / R21953C46: got 'MER'"
"2","Expecting logical in AT21966 / R21966C46: got 'MER'"
"2","Expecting logical in AT21967 / R21967C46: got 'MER'"
"2","Expecting logical in AT21972 / R21972C46: got 'MER'"
"2","Expecting logical in AT21973 / R21973C46: got 'MER'"
"2","Expecting logical in AT21975 / R21975C46: got 'MER'"
"2","Expecting logical in AT21980 / R21980C46: got 'MER'"
"2","Expecting logical in AT21983 / R21983C46: got 'MER'"
"2","Expecting logical in AT21984 / R21984C46: got 'MER'"
"2","Expecting logical in AT21990 / R21990C46: got 'MER'"
"2","Expecting logical in AD21992 / R21992C30: got '56260'"
"2","Expecting logical in AE21992 / R21992C31: got '56260'"
"2","Expecting logical in AT21992 / R21992C46: got 'MER'"
"2","Expecting logical in AT21994 / R21994C46: got 'MER'"
"2","Expecting logical in AM22052 / R22052C39: got 'ZFU'"
"2","Expecting logical in AE22435 / R22435C31: got '57463'"
"2","Expecting logical in AF22435 / R22435C32: got '57463'"
"2","Expecting logical in AM22435 / R22435C39: got 'ZFU'"
"2","Expecting logical in AF22639 / R22639C32: got '57672'"
"2","Expecting logical in AM22712 / R22712C39: got 'ZFU'"
"2","Expecting logical in AE22919 / R22919C31: got '58194'"
"2","Expecting logical in AM23052 / R23052C39: got 'ZFU'"
"2","Expecting logical in AM23065 / R23065C39: got 'ZFU'"
"2","Expecting logical in AM23114 / R23114C39: got 'ZFU'"
"2","Expecting logical in AT23141 / R23141C46: got 'MER'"
"2","Expecting logical in AM23146 / R23146C39: got 'ZFU'"
"2","Expecting logical in AM23197 / R23197C39: got 'ZFU'"
"2","Expecting logical in AM23206 / R23206C39: got 'ZFU'"
"2","Expecting logical in AF23212 / R23212C32: got '59178'"
"2","Expecting logical in AM23212 / R23212C39: got 'ZFU'"
"2","Expecting logical in AM23213 / R23213C39: got 'ZFU'"
"2","Expecting logical in AD23217 / R23217C30: got '59183'"
"2","Expecting logical in AF23217 / R23217C32: got '59183'"
"2","Expecting logical in AT23217 / R23217C46: got 'MER'"
"2","Expecting logical in AM23268 / R23268C39: got 'ZFU'"
"2","Expecting logical in AT23291 / R23291C46: got 'MER'"
"2","Expecting logical in AT23302 / R23302C46: got 'MER'"
"2","Expecting logical in AT23303 / R23303C46: got 'MER'"
"2","Expecting logical in AT23304 / R23304C46: got 'MER'"
"2","Expecting logical in AM23329 / R23329C39: got 'ZFU'"
"2","Expecting logical in AT23370 / R23370C46: got 'MER'"
"2","Expecting logical in AE23380 / R23380C31: got '59350'"
"2","Expecting logical in AF23380 / R23380C32: got '59350'"
"2","Expecting logical in AM23380 / R23380C39: got 'ZFU'"
"2","Expecting logical in AT23388 / R23388C46: got 'MER'"
"2","Expecting logical in AM23389 / R23389C39: got 'ZFU'"
"2","Expecting logical in AM23393 / R23393C39: got 'ZFU'"
"2","Expecting logical in AF23417 / R23417C32: got '59392'"
"2","Expecting logical in AM23417 / R23417C39: got 'ZFU'"
"2","Expecting logical in AE23425 / R23425C31: got '59400'"
"2","Expecting logical in AM23439 / R23439C39: got 'ZFU'"
"2","Expecting logical in AM23480 / R23480C39: got 'ZFU'"
"2","Expecting logical in AM23514 / R23514C39: got 'ZFU'"
"2","Expecting logical in AM23532 / R23532C39: got 'ZFU'"
"2","Expecting logical in AM23534 / R23534C39: got 'ZFU'"
"2","Expecting logical in AM23589 / R23589C39: got 'ZFU'"
"2","Expecting logical in AM23619 / R23619C39: got 'ZFU'"
"2","Expecting logical in AE23626 / R23626C31: got '59606'"
"2","Expecting logical in AF23626 / R23626C32: got '59606'"
"2","Expecting logical in AM23626 / R23626C39: got 'ZFU'"
"2","Expecting logical in AM23672 / R23672C39: got 'ZFU'"
"2","Expecting logical in AT23686 / R23686C46: got 'MER'"
"2","Expecting logical in AE23745 / R23745C31: got '60057'"
"2","Expecting logical in AM23745 / R23745C39: got 'ZFU'"
"2","Expecting logical in AM23863 / R23863C39: got 'ZFU'"
"2","Expecting logical in AM24098 / R24098C39: got 'ZFU'"
"2","Expecting logical in AM24381 / R24381C39: got 'ZFU'"
"2","Expecting logical in AT24900 / R24900C46: got 'MER'"
"2","Expecting logical in AE24916 / R24916C31: got '62041'"
"2","Expecting logical in AT24929 / R24929C46: got 'MER'"
"2","Expecting logical in AT24931 / R24931C46: got 'MER'"
"2","Expecting logical in AT24982 / R24982C46: got 'MER'"
"2","Expecting logical in AF24992 / R24992C32: got '62119'"
"2","Expecting logical in AD25031 / R25031C30: got '62160'"
"2","Expecting logical in AT25031 / R25031C46: got 'MER'"
"2","Expecting logical in AD25064 / R25064C30: got '62193'"
"2","Expecting logical in AE25064 / R25064C31: got '62193'"
"2","Expecting logical in AF25064 / R25064C32: got '62193'"
"2","Expecting logical in AM25064 / R25064C39: got 'ZFU'"
"2","Expecting logical in AT25064 / R25064C46: got 'MER'"
"2","Expecting logical in AT25072 / R25072C46: got 'MER'"
"2","Expecting logical in AT25104 / R25104C46: got 'MER'"
"2","Expecting logical in AM25121 / R25121C39: got 'ZFU'"
"2","Expecting logical in AT25132 / R25132C46: got 'MER'"
"2","Expecting logical in AT25135 / R25135C46: got 'MER'"
"2","Expecting logical in AM25145 / R25145C39: got 'ZFU'"
"2","Expecting logical in AM25148 / R25148C39: got 'ZFU'"
"2","Expecting logical in AT25170 / R25170C46: got 'MER'"
"2","Expecting logical in AT25176 / R25176C46: got 'MER'"
"2","Expecting logical in AT25187 / R25187C46: got 'MER'"
"2","Expecting logical in AT25259 / R25259C46: got 'MER'"
"2","Expecting logical in AM25293 / R25293C39: got 'ZFU'"
"2","Expecting logical in AF25363 / R25363C32: got '62498'"
"2","Expecting logical in AT25413 / R25413C46: got 'MER'"
"2","Expecting logical in AT25436 / R25436C46: got 'MER'"
"2","Expecting logical in AM25451 / R25451C39: got 'ZFU'"
"2","Expecting logical in AT25468 / R25468C46: got 'MER'"
"2","Expecting logical in AT25507 / R25507C46: got 'ESTUAIRE'"
"2","Expecting logical in AT25509 / R25509C46: got 'MER'"
"2","Expecting logical in AT25531 / R25531C46: got 'MER'"
"2","Expecting logical in AM25586 / R25586C39: got 'ZFU'"
"2","Expecting logical in AT25608 / R25608C46: got 'MER'"
"2","Expecting logical in AT25614 / R25614C46: got 'MER'"
"2","Expecting logical in AT25636 / R25636C46: got 'MER'"
"2","Expecting logical in AT25668 / R25668C46: got 'MER'"
"2","Expecting logical in AE25688 / R25688C31: got '62826'"
"2","Expecting logical in AT25688 / R25688C46: got 'MER'"
"2","Expecting logical in AT25728 / R25728C46: got 'MER'"
"2","Expecting logical in AT25754 / R25754C46: got 'MER'"
"2","Expecting logical in AT25755 / R25755C46: got 'ESTUAIRE'"
"2","Expecting logical in AT25760 / R25760C46: got 'MER'"
"2","Expecting logical in AM25833 / R25833C39: got 'ZFU'"
"2","Expecting logical in AE25883 / R25883C31: got '63113'"
"2","Expecting logical in AF25883 / R25883C32: got '63113'"
"2","Expecting logical in AM25883 / R25883C39: got 'ZFU'"
"2","Expecting logical in AT25953 / R25953C46: got 'LAC'"
"2","Expecting logical in AT25960 / R25960C46: got 'LAC'"
"2","Expecting logical in AT26183 / R26183C46: got 'LAC'"
"2","Expecting logical in AT26188 / R26188C46: got 'LAC'"
"2","Expecting logical in AT26264 / R26264C46: got 'MER'"
"2","Expecting logical in AD26339 / R26339C30: got '64102'"
"2","Expecting logical in AF26339 / R26339C32: got '64102'"
"2","Expecting logical in AT26339 / R26339C46: got 'ESTUAIRE'"
"2","Expecting logical in AE26359 / R26359C31: got '64122'"
"2","Expecting logical in AT26359 / R26359C46: got 'MER'"
"2","Expecting logical in AT26362 / R26362C46: got 'MER'"
"2","Expecting logical in AT26377 / R26377C46: got 'ESTUAIRE'"
"2","Expecting logical in AT26423 / R26423C46: got 'MER'"
"2","Expecting logical in AT26482 / R26482C46: got 'MER'"
"2","Expecting logical in AT26493 / R26493C46: got 'MER'"
"2","Expecting logical in AE26674 / R26674C31: got '64445'"
"2","Expecting logical in AF26674 / R26674C32: got '64445'"
"2","Expecting logical in AT26712 / R26712C46: got 'MER'"
"2","Expecting logical in AT26773 / R26773C46: got 'MER'"
"2","Expecting logical in AE27219 / R27219C31: got '65440'"
"2","Expecting logical in AT27269 / R27269C46: got 'MER'"
"2","Expecting logical in AT27277 / R27277C46: got 'MER'"
"2","Expecting logical in AT27278 / R27278C46: got 'MER'"
"2","Expecting logical in AT27297 / R27297C46: got 'MER'"
"2","Expecting logical in AT27308 / R27308C46: got 'MER'"
"2","Expecting logical in AT27313 / R27313C46: got 'MER'"
"2","Expecting logical in AT27325 / R27325C46: got 'MER'"
"2","Expecting logical in AE27392 / R27392C31: got '66136'"
"2","Expecting logical in AF27392 / R27392C32: got '66136'"
"2","Expecting logical in AM27392 / R27392C39: got 'ZFU'"
"2","Expecting logical in AD27404 / R27404C30: got '66148'"
"2","Expecting logical in AT27404 / R27404C46: got 'MER'"
"2","Expecting logical in AT27426 / R27426C46: got 'MER'"
"2","Expecting logical in AT27431 / R27431C46: got 'MER'"
"2","Expecting logical in AT27435 / R27435C46: got 'MER'"
"2","Expecting logical in AT27437 / R27437C46: got 'MER'"
"2","Expecting logical in AT27441 / R27441C46: got 'MER'"
"2","Expecting logical in AT27445 / R27445C46: got 'MER'"
"2","Expecting logical in AT27466 / R27466C46: got 'MER'"
"2","Expecting logical in AE27939 / R27939C31: got '67482'"
"2","Expecting logical in AF27939 / R27939C32: got '67482'"
"2","Expecting logical in AM27939 / R27939C39: got 'ZFU'"
"2","Expecting logical in AE28076 / R28076C31: got '68066'"
"2","Expecting logical in AE28233 / R28233C31: got '68224'"
"2","Expecting logical in AF28233 / R28233C32: got '68224'"
"2","Expecting logical in AM28233 / R28233C39: got 'ZFU'"
"2","Expecting logical in AE28418 / R28418C31: got '69029'"
"2","Expecting logical in AE28510 / R28510C31: got '69123'"
"2","Expecting logical in AF28510 / R28510C32: got '69123'"
"2","Expecting logical in AM28510 / R28510C39: got 'ZFU'"
"2","Expecting logical in AM28637 / R28637C39: got 'ZFU'"
"2","Expecting logical in AM28640 / R28640C39: got 'ZFU'"
"2","Expecting logical in AM28655 / R28655C39: got 'ZFU'"
"2","Expecting logical in AM28665 / R28665C39: got 'ZFU'"
"2","Expecting logical in AE29297 / R29297C31: got '71076'"
"2","Expecting logical in AE29969 / R29969C31: got '72181'"
"2","Expecting logical in AF29969 / R29969C32: got '72181'"
"2","Expecting logical in AM29969 / R29969C39: got 'ZFU'"
"2","Expecting logical in AT30173 / R30173C46: got 'LAC'"
"2","Expecting logical in AT30210 / R30210C46: got 'LAC'"
"2","Expecting logical in AT30211 / R30211C46: got 'LAC'"
"2","Expecting logical in AT30219 / R30219C46: got 'LAC'"
"2","Expecting logical in AE30224 / R30224C31: got '73065'"
"2","Expecting logical in AF30224 / R30224C32: got '73065'"
"2","Expecting logical in AT30234 / R30234C46: got 'LAC'"
"2","Expecting logical in AT30243 / R30243C46: got 'LAC'"
"2","Expecting logical in AT30249 / R30249C46: got 'LAC'"
"2","Expecting logical in AE30373 / R30373C31: got '73227'"
"2","Expecting logical in AT30384 / R30384C46: got 'LAC'"
"2","Expecting logical in AT30417 / R30417C46: got 'LAC'"
"2","Expecting logical in AT30441 / R30441C46: got 'LAC'"
"2","Expecting logical in AT30467 / R30467C46: got 'LAC'"
"2","Expecting logical in AE30479 / R30479C31: got '74010'"
"2","Expecting logical in AF30479 / R30479C32: got '74010'"
"2","Expecting logical in AT30479 / R30479C46: got 'LAC'"
"2","Expecting logical in AT30480 / R30480C46: got 'LAC'"
"2","Expecting logical in AF30481 / R30481C32: got '74012'"
"2","Expecting logical in AT30482 / R30482C46: got 'LAC'"
"2","Expecting logical in AT30534 / R30534C46: got 'LAC'"
"2","Expecting logical in AT30567 / R30567C46: got 'LAC'"
"2","Expecting logical in AT30571 / R30571C46: got 'LAC'"
"2","Expecting logical in AT30580 / R30580C46: got 'LAC'"
"2","Expecting logical in AT30582 / R30582C46: got 'LAC'"
"2","Expecting logical in AT30612 / R30612C46: got 'LAC'"
"2","Expecting logical in AT30621 / R30621C46: got 'LAC'"
"2","Expecting logical in AT30630 / R30630C46: got 'LAC'"
"2","Expecting logical in AT30633 / R30633C46: got 'LAC'"
"2","Expecting logical in AT30634 / R30634C46: got 'LAC'"
"2","Expecting logical in AT30638 / R30638C46: got 'LAC'"
"2","Expecting logical in AT30657 / R30657C46: got 'LAC'"
"2","Expecting logical in AT30658 / R30658C46: got 'LAC'"
"2","Expecting logical in AT30674 / R30674C46: got 'LAC'"
"2","Expecting logical in AT30691 / R30691C46: got 'LAC'"
"2","Expecting logical in AT30696 / R30696C46: got 'LAC'"
"2","Expecting logical in AT30713 / R30713C46: got 'LAC'"
"2","Expecting logical in AT30717 / R30717C46: got 'LAC'"
"2","Expecting logical in AT30725 / R30725C46: got 'LAC'"
"2","Expecting logical in AT30730 / R30730C46: got 'LAC'"
"2","Expecting logical in AT30748 / R30748C46: got 'LAC'"
"2","Expecting logical in AT30763 / R30763C46: got 'LAC'"
"2","Expecting logical in AF30764 / R30764C32: got '75056'"
"2","Expecting logical in AT30835 / R30835C46: got 'MER'"
"2","Expecting logical in AT30841 / R30841C46: got 'MER'"
"2","Expecting logical in AT30843 / R30843C46: got 'MER'"
"2","Expecting logical in AM30857 / R30857C39: got 'ZFU'"
"2","Expecting logical in AT30860 / R30860C46: got 'MER'"
"2","Expecting logical in AM30869 / R30869C39: got 'ZFU'"
"2","Expecting logical in AT30898 / R30898C46: got 'MER'"
"2","Expecting logical in AT30927 / R30927C46: got 'MER'"
"2","Expecting logical in AT30929 / R30929C46: got 'ESTUAIRE'"
"2","Expecting logical in AT30952 / R30952C46: got 'MER'"
"2","Expecting logical in AT30954 / R30954C46: got 'MER'"
"2","Expecting logical in AD30977 / R30977C30: got '76217'"
"2","Expecting logical in AT30977 / R30977C46: got 'MER'"
"2","Expecting logical in AT30992 / R30992C46: got 'MER'"
"2","Expecting logical in AT31013 / R31013C46: got 'MER'"
"2","Expecting logical in AD31017 / R31017C30: got '76259'"
"2","Expecting logical in AT31017 / R31017C46: got 'MER'"
"2","Expecting logical in AT31024 / R31024C46: got 'MER'"
"2","Expecting logical in AT31063 / R31063C46: got 'MER'"
"2","Expecting logical in AT31107 / R31107C46: got 'MER'"
"2","Expecting logical in AD31109 / R31109C30: got '76351'"
"2","Expecting logical in AE31109 / R31109C31: got '76351'"
"2","Expecting logical in AF31109 / R31109C32: got '76351'"
"2","Expecting logical in AM31109 / R31109C39: got 'ZFU'"
"2","Expecting logical in AT31109 / R31109C46: got 'MER'"
"2","Expecting logical in AT31119 / R31119C46: got 'MER'"
"2","Expecting logical in AT31133 / R31133C46: got 'MER'"
"2","Expecting logical in AT31148 / R31148C46: got 'MER'"
"2","Expecting logical in AT31165 / R31165C46: got 'MER'"
"2","Expecting logical in AT31238 / R31238C46: got 'MER'"
"2","Expecting logical in AT31246 / R31246C46: got 'MER'"
"2","Expecting logical in AT31250 / R31250C46: got 'MER'"
"2","Expecting logical in AT31253 / R31253C46: got 'MER'"
"2","Expecting logical in AT31265 / R31265C46: got 'MER'"
"2","Expecting logical in AT31272 / R31272C46: got 'MER'"
"2","Expecting logical in AT31290 / R31290C46: got 'MER'"
"2","Expecting logical in AD31296 / R31296C30: got '76540'"
"2","Expecting logical in AE31296 / R31296C31: got '76540'"
"2","Expecting logical in AF31296 / R31296C32: got '76540'"
"2","Expecting logical in AM31296 / R31296C39: got 'ZFU'"
"2","Expecting logical in AT31308 / R31308C46: got 'MER'"
"2","Expecting logical in AT31320 / R31320C46: got 'MER'"
"2","Expecting logical in AT31350 / R31350C46: got 'MER'"
"2","Expecting logical in AT31355 / R31355C46: got 'MER'"
"2","Expecting logical in AT31359 / R31359C46: got 'MER'"
"2","Expecting logical in AT31367 / R31367C46: got 'MER'"
"2","Expecting logical in AT31372 / R31372C46: got 'MER'"
"2","Expecting logical in AT31390 / R31390C46: got 'MER'"
"2","Expecting logical in AT31404 / R31404C46: got 'MER'"
"2","Expecting logical in AT31408 / R31408C46: got 'MER'"
"2","Expecting logical in AT31410 / R31410C46: got 'MER'"
"2","Expecting logical in AT31413 / R31413C46: got 'MER'"
"2","Expecting logical in AT31415 / R31415C46: got 'MER'"
"2","Expecting logical in AT31422 / R31422C46: got 'MER'"
"2","Expecting logical in AT31435 / R31435C46: got 'MER'"
"2","Expecting logical in AT31436 / R31436C46: got 'ESTUAIRE'"
"2","Expecting logical in AT31444 / R31444C46: got 'MER'"
"2","Expecting logical in AT31447 / R31447C46: got 'MER'"
"2","Expecting logical in AD31462 / R31462C30: got '76711'"
"2","Expecting logical in AT31462 / R31462C46: got 'MER'"
"2","Expecting logical in AT31471 / R31471C46: got 'MER'"
"2","Expecting logical in AT31476 / R31476C46: got 'MER'"
"2","Expecting logical in AT31485 / R31485C46: got 'MER'"
"2","Expecting logical in AT31486 / R31486C46: got 'MER'"
"2","Expecting logical in AT31504 / R31504C46: got 'MER'"
"2","Expecting logical in AM31784 / R31784C39: got 'ZFU'"
"2","Expecting logical in AM31788 / R31788C39: got 'ZFU'"
"2","Expecting logical in AM31805 / R31805C39: got 'ZFU'"
"2","Expecting logical in AM32160 / R32160C39: got 'ZFU'"
"2","Expecting logical in AM32195 / R32195C39: got 'ZFU'"
"2","Expecting logical in AM32250 / R32250C39: got 'ZFU'"
"2","Expecting logical in AM32264 / R32264C39: got 'ZFU'"
"2","Expecting logical in AE32601 / R32601C31: got '80016'"
"2","Expecting logical in AE32606 / R32606C31: got '80021'"
"2","Expecting logical in AF32606 / R32606C32: got '80021'"
"2","Expecting logical in AM32606 / R32606C39: got 'ZFU'"
"2","Expecting logical in AT32624 / R32624C46: got 'MER'"
"2","Expecting logical in AT32692 / R32692C46: got 'MER'"
"2","Expecting logical in AT32762 / R32762C46: got 'MER'"
"2","Expecting logical in AT32808 / R32808C46: got 'MER'"
"2","Expecting logical in AT32877 / R32877C46: got 'MER'"
"2","Expecting logical in AT32905 / R32905C46: got 'MER'"
"2","Expecting logical in AT33027 / R33027C46: got 'MER'"
"2","Expecting logical in AT33091 / R33091C46: got 'MER'"
"2","Expecting logical in AT33153 / R33153C46: got 'MER'"
"2","Expecting logical in AT33169 / R33169C46: got 'MER'"
"2","Expecting logical in AT33184 / R33184C46: got 'MER'"
"2","Expecting logical in AT33198 / R33198C46: got 'MER'"
"2","Expecting logical in AT33258 / R33258C46: got 'MER'"
"2","Expecting logical in AT33259 / R33259C46: got 'MER'"
"2","Expecting logical in AT33264 / R33264C46: got 'MER'"
"2","Expecting logical in AT33360 / R33360C46: got 'MER'"
"2","Expecting logical in AE33373 / R33373C31: got '81004'"
"2","Expecting logical in AE33433 / R33433C31: got '81065'"
"2","Expecting logical in AT33889 / R33889C46: got 'LAC'"
"2","Expecting logical in AT33896 / R33896C46: got 'MER'"
"2","Expecting logical in AT33901 / R33901C46: got 'LAC'"
"2","Expecting logical in AT33902 / R33902C46: got 'LAC'"
"2","Expecting logical in AT33906 / R33906C46: got 'MER'"
"2","Expecting logical in AT33920 / R33920C46: got 'MER'"
"2","Expecting logical in AE33921 / R33921C31: got '83035'"
"2","Expecting logical in AT33922 / R33922C46: got 'MER'"
"2","Expecting logical in AT33928 / R33928C46: got 'MER'"
"2","Expecting logical in AT33934 / R33934C46: got 'MER'"
"2","Expecting logical in AT33947 / R33947C46: got 'MER'"
"2","Expecting logical in AT33948 / R33948C46: got 'MER'"
"2","Expecting logical in AT33951 / R33951C46: got 'MER'"
"2","Expecting logical in AT33954 / R33954C46: got 'MER'"
"2","Expecting logical in AT33955 / R33955C46: got 'MER'"
"2","Expecting logical in AT33956 / R33956C46: got 'MER'"
"2","Expecting logical in AT33957 / R33957C46: got 'MER'"
"2","Expecting logical in AT33976 / R33976C46: got 'MER'"
"2","Expecting logical in AT33984 / R33984C46: got 'MER'"
"2","Expecting logical in AT33987 / R33987C46: got 'MER'"
"2","Expecting logical in AT33993 / R33993C46: got 'MER'"
"2","Expecting logical in AT33998 / R33998C46: got 'MER'"
"2","Expecting logical in AT34001 / R34001C46: got 'MER'"
"2","Expecting logical in AT34004 / R34004C46: got 'MER'"
"2","Expecting logical in AE34005 / R34005C31: got '83119'"
"2","Expecting logical in AT34005 / R34005C46: got 'MER'"
"2","Expecting logical in AT34008 / R34008C46: got 'LAC'"
"2","Expecting logical in AT34009 / R34009C46: got 'MER'"
"2","Expecting logical in AM34012 / R34012C39: got 'ZFU'"
"2","Expecting logical in AT34012 / R34012C46: got 'MER'"
"2","Expecting logical in AT34015 / R34015C46: got 'MER'"
"2","Expecting logical in AD34023 / R34023C30: got '83137'"
"2","Expecting logical in AE34023 / R34023C31: got '83137'"
"2","Expecting logical in AF34023 / R34023C32: got '83137'"
"2","Expecting logical in AM34023 / R34023C39: got 'ZFU'"
"2","Expecting logical in AT34023 / R34023C46: got 'MER'"
"2","Expecting logical in AT34038 / R34038C46: got 'MER'"
"2","Expecting logical in AT34039 / R34039C46: got 'MER'"
"2","Expecting logical in AE34047 / R34047C31: got '84007'"
"2","Expecting logical in AF34047 / R34047C32: got '84007'"
"2","Expecting logical in AM34047 / R34047C39: got 'ZFU'"
"2","Expecting logical in AT34192 / R34192C46: got 'MER'"
"2","Expecting logical in AT34195 / R34195C46: got 'ESTUAIRE'"
"2","Expecting logical in AT34201 / R34201C46: got 'MER'"
"2","Expecting logical in AT34202 / R34202C46: got 'MER'"
"2","Expecting logical in AT34208 / R34208C46: got 'MER'"
"2","Expecting logical in AT34219 / R34219C46: got 'MER'"
"2","Expecting logical in AT34224 / R34224C46: got 'MER'"
"2","Expecting logical in AT34238 / R34238C46: got 'MER'"
"2","Expecting logical in AT34248 / R34248C46: got 'MER'"
"2","Expecting logical in AT34268 / R34268C46: got 'MER'"
"2","Expecting logical in AT34272 / R34272C46: got 'MER'"
"2","Expecting logical in AT34288 / R34288C46: got 'MER'"
"2","Expecting logical in AT34290 / R34290C46: got 'MER'"
"2","Expecting logical in AT34296 / R34296C46: got 'ESTUAIRE'"
"2","Expecting logical in AD34297 / R34297C30: got '85113'"
"2","Expecting logical in AE34297 / R34297C31: got '85113'"
"2","Expecting logical in AT34297 / R34297C46: got 'MER'"
"2","Expecting logical in AT34298 / R34298C46: got 'MER'"
"2","Expecting logical in AT34309 / R34309C46: got 'MER'"
"2","Expecting logical in AT34345 / R34345C46: got 'MER'"
"2","Expecting logical in AT34346 / R34346C46: got 'MER'"
"2","Expecting logical in AT34348 / R34348C46: got 'MER'"
"2","Expecting logical in AT34364 / R34364C46: got 'MER'"
"2","Expecting logical in AE34370 / R34370C31: got '85191'"
"2","Expecting logical in AD34373 / R34373C30: got '85194'"
"2","Expecting logical in AT34373 / R34373C46: got 'MER'"
"2","Expecting logical in AT34399 / R34399C46: got 'MER'"
"2","Expecting logical in AT34402 / R34402C46: got 'MER'"
"2","Expecting logical in AT34408 / R34408C46: got 'MER'"
"2","Expecting logical in AT34416 / R34416C46: got 'ESTUAIRE'"
"2","Expecting logical in AT34426 / R34426C46: got 'MER'"
"2","Expecting logical in AT34436 / R34436C46: got 'MER'"
"2","Expecting logical in AT34445 / R34445C46: got 'MER'"
"2","Expecting logical in AT34454 / R34454C46: got 'MER'"
"2","Expecting logical in AT34460 / R34460C46: got 'MER'"
"2","Expecting logical in AT34463 / R34463C46: got 'MER'"
"2","Expecting logical in AT34473 / R34473C46: got 'MER'"
"2","Expecting logical in AE34660 / R34660C31: got '86194'"
"2","Expecting logical in AF34660 / R34660C32: got '86194'"
"2","Expecting logical in AT34763 / R34763C46: got 'LAC'"
"2","Expecting logical in AE34838 / R34838C31: got '87085'"
"2","Expecting logical in AF34838 / R34838C32: got '87085'"
"2","Expecting logical in AT34868 / R34868C46: got 'LAC'"
"2","Expecting logical in AE35112 / R35112C31: got '88160'"
"2","Expecting logical in AE35493 / R35493C31: got '89024'"
"2","Expecting logical in AM35832 / R35832C39: got 'ZFU'"
"2","Expecting logical in AM35934 / R35934C39: got 'ZFU'"
"2","Expecting logical in AM36077 / R36077C39: got 'ZFU'"
"2","Expecting logical in AM36091 / R36091C39: got 'ZFU'"
"2","Expecting logical in AM36097 / R36097C39: got 'ZFU'"
"2","Expecting logical in AM36111 / R36111C39: got 'ZFU'"
"2","Expecting logical in AM36219 / R36219C39: got 'ZFU'"
"2","Expecting logical in AM36260 / R36260C39: got 'ZFU'"
"2","Expecting logical in AM36262 / R36262C39: got 'ZFU'"
"2","Expecting logical in AM36263 / R36263C39: got 'ZFU'"
"2","Expecting logical in AM36264 / R36264C39: got 'ZFU'"
"2","Expecting logical in AE36265 / R36265C31: got '93013'"
"2","Expecting logical in AM36266 / R36266C39: got 'ZFU'"
"2","Expecting logical in AM36268 / R36268C39: got 'ZFU'"
"2","Expecting logical in AM36270 / R36270C39: got 'ZFU'"
"2","Expecting logical in AM36271 / R36271C39: got 'ZFU'"
"2","Expecting logical in AM36277 / R36277C39: got 'ZFU'"
"2","Expecting logical in AM36280 / R36280C39: got 'ZFU'"
"2","Expecting logical in AM36283 / R36283C39: got 'ZFU'"
"2","Expecting logical in AM36292 / R36292C39: got 'ZFU'"
"2","Expecting logical in AM36293 / R36293C39: got 'ZFU'"
"2","Expecting logical in AM36306 / R36306C39: got 'ZFU'"
"2","Expecting logical in AM36308 / R36308C39: got 'ZFU'"
"2","Expecting logical in AM36310 / R36310C39: got 'ZFU'"
"2","Expecting logical in AE36325 / R36325C31: got '94054'"
"2","Expecting logical in AM36325 / R36325C39: got 'ZFU'"
"2","Expecting logical in AM36345 / R36345C39: got 'ZFU'"
"2","Expecting logical in AM36351 / R36351C39: got 'ZFU'"
"2","Expecting logical in AM36421 / R36421C39: got 'ZFU'"
"2","Expecting logical in AE36485 / R36485C31: got '95500'"
"2","Expecting logical in AE36490 / R36490C31: got '95527'"
"2","Expecting logical in AM36505 / R36505C39: got 'ZFU'"
"2","Expecting logical in AM36528 / R36528C39: got 'ZFU'"
"2","Expecting logical in AM36531 / R36531C39: got 'ZFU'"
"2","Expecting logical in AT36531 / R36531C46: got 'MER'"
"2","Expecting logical in AT36532 / R36532C46: got 'MER'"
"2","Expecting logical in AT36533 / R36533C46: got 'MER'"
"2","Expecting logical in AT36534 / R36534C46: got 'MER'"
"2","Expecting logical in AE36535 / R36535C31: got '97105'"
"2","Expecting logical in AM36535 / R36535C39: got 'ZFU'"
"2","Expecting logical in AT36535 / R36535C46: got 'MER'"
"2","Expecting logical in AT36536 / R36536C46: got 'MER'"
"2","Expecting logical in AT36537 / R36537C46: got 'MER'"
"2","Expecting logical in AE36538 / R36538C31: got '97108'"
"2","Expecting logical in AT36538 / R36538C46: got 'MER'"
"2","Expecting logical in AT36539 / R36539C46: got 'MER'"
"2","Expecting logical in AT36540 / R36540C46: got 'MER'"
"2","Expecting logical in AT36541 / R36541C46: got 'MER'"
"2","Expecting logical in AT36542 / R36542C46: got 'MER'"
"2","Expecting logical in AT36543 / R36543C46: got 'MER'"
"2","Expecting logical in AT36544 / R36544C46: got 'MER'"
"2","Expecting logical in AT36545 / R36545C46: got 'MER'"
"2","Expecting logical in AT36546 / R36546C46: got 'MER'"
"2","Expecting logical in AT36547 / R36547C46: got 'MER'"
"2","Expecting logical in AT36548 / R36548C46: got 'MER'"
"2","Expecting logical in AT36549 / R36549C46: got 'MER'"
"2","Expecting logical in AD36550 / R36550C30: got '97120'"
"2","Expecting logical in AE36550 / R36550C31: got '97120'"
"2","Expecting logical in AF36550 / R36550C32: got '97120'"
"2","Expecting logical in AM36550 / R36550C39: got 'ZFU'"
"2","Expecting logical in AT36550 / R36550C46: got 'MER'"
"2","Expecting logical in AT36551 / R36551C46: got 'MER'"
"2","Expecting logical in AT36552 / R36552C46: got 'MER'"
"2","Expecting logical in AE36554 / R36554C31: got '97125'"
"2","Expecting logical in AT36554 / R36554C46: got 'MER'"
"2","Expecting logical in AT36555 / R36555C46: got 'MER'"
"2","Expecting logical in AT36556 / R36556C46: got 'MER'"
"2","Expecting logical in AT36557 / R36557C46: got 'MER'"
"2","Expecting logical in AT36558 / R36558C46: got 'MER'"
"2","Expecting logical in AE36559 / R36559C31: got '97131'"
"2","Expecting logical in AT36559 / R36559C46: got 'MER'"
"2","Expecting logical in AT36560 / R36560C46: got 'MER'"
"2","Expecting logical in AT36561 / R36561C46: got 'MER'"
"2","Expecting logical in AT36562 / R36562C46: got 'MER'"
"2","Expecting logical in AT36564 / R36564C46: got 'MER'"
"2","Expecting logical in AT36565 / R36565C46: got 'MER'"
"2","Expecting logical in AT36566 / R36566C46: got 'MER'"
"2","Expecting logical in AT36567 / R36567C46: got 'MER'"
"2","Expecting logical in AT36568 / R36568C46: got 'MER'"
"2","Expecting logical in AT36569 / R36569C46: got 'MER'"
"2","Expecting logical in AD36571 / R36571C30: got '97209'"
"2","Expecting logical in AE36571 / R36571C31: got '97209'"
"2","Expecting logical in AF36571 / R36571C32: got '97209'"
"2","Expecting logical in AM36571 / R36571C39: got 'ZFU'"
"2","Expecting logical in AT36571 / R36571C46: got 'MER'"
"2","Expecting logical in AT36572 / R36572C46: got 'MER'"
"2","Expecting logical in AT36573 / R36573C46: got 'MER'"
"2","Expecting logical in AT36575 / R36575C46: got 'MER'"
"2","Expecting logical in AT36576 / R36576C46: got 'MER'"
"2","Expecting logical in AT36577 / R36577C46: got 'MER'"
"2","Expecting logical in AT36578 / R36578C46: got 'MER'"
"2","Expecting logical in AT36579 / R36579C46: got 'MER'"
"2","Expecting logical in AT36581 / R36581C46: got 'MER'"
"2","Expecting logical in AT36582 / R36582C46: got 'MER'"
"2","Expecting logical in AT36583 / R36583C46: got 'MER'"
"2","Expecting logical in AT36584 / R36584C46: got 'MER'"
"2","Expecting logical in AT36587 / R36587C46: got 'MER'"
"2","Expecting logical in AT36588 / R36588C46: got 'MER'"
"2","Expecting logical in AT36589 / R36589C46: got 'MER'"
"2","Expecting logical in AT36590 / R36590C46: got 'MER'"
"2","Expecting logical in AT36591 / R36591C46: got 'MER'"
"2","Expecting logical in AT36592 / R36592C46: got 'MER'"
"2","Expecting logical in AT36593 / R36593C46: got 'MER'"
"2","Expecting logical in AT36594 / R36594C46: got 'MER'"
"2","Expecting logical in AT36596 / R36596C46: got 'MER'"
"2","Expecting logical in AT36597 / R36597C46: got 'MER'"
"2","Expecting logical in AE36598 / R36598C31: got '97302'"
"2","Expecting logical in AF36598 / R36598C32: got '97302'"
"2","Expecting logical in AM36598 / R36598C39: got 'ZFU'"
"2","Expecting logical in AT36598 / R36598C46: got 'MER'"
"2","Expecting logical in AT36599 / R36599C46: got 'MER'"
"2","Expecting logical in AD36600 / R36600C30: got '97304'"
"2","Expecting logical in AT36600 / R36600C46: got 'MER'"
"2","Expecting logical in AT36601 / R36601C46: got 'MER'"
"2","Expecting logical in AT36602 / R36602C46: got 'MER'"
"2","Expecting logical in AT36603 / R36603C46: got 'MER'"
"2","Expecting logical in AE36604 / R36604C31: got '97308'"
"2","Expecting logical in AT36604 / R36604C46: got 'MER'"
"2","Expecting logical in AD36605 / R36605C30: got '97309'"
"2","Expecting logical in AT36605 / R36605C46: got 'MER'"
"2","Expecting logical in AT36606 / R36606C46: got 'MER'"
"2","Expecting logical in AD36607 / R36607C30: got '97311'"
"2","Expecting logical in AE36607 / R36607C31: got '97311'"
"2","Expecting logical in AM36607 / R36607C39: got 'ZFU'"
"2","Expecting logical in AT36608 / R36608C46: got 'MER'"
"2","Expecting logical in AT36610 / R36610C46: got 'MER'"
"2","Expecting logical in AE36611 / R36611C31: got '97352'"
"2","Expecting logical in AE36612 / R36612C31: got '97353'"
"2","Expecting logical in AE36613 / R36613C31: got '97356'"
"2","Expecting logical in AE36614 / R36614C31: got '97357'"
"2","Expecting logical in AT36615 / R36615C46: got 'LAC'"
"2","Expecting logical in AT36617 / R36617C46: got 'MER'"
"2","Expecting logical in AT36619 / R36619C46: got 'MER'"
"2","Expecting logical in AT36620 / R36620C46: got 'MER'"
"2","Expecting logical in AT36622 / R36622C46: got 'MER'"
"2","Expecting logical in AT36623 / R36623C46: got 'MER'"
"2","Expecting logical in AT36625 / R36625C46: got 'MER'"
"2","Expecting logical in AT36626 / R36626C46: got 'MER'"
"2","Expecting logical in AM36627 / R36627C39: got 'ZFU'"
"2","Expecting logical in AT36627 / R36627C46: got 'MER'"
"2","Expecting logical in AM36628 / R36628C39: got 'ZFU'"
"2","Expecting logical in AT36628 / R36628C46: got 'MER'"
"2","Expecting logical in AD36629 / R36629C30: got '97411'"
"2","Expecting logical in AE36629 / R36629C31: got '97411'"
"2","Expecting logical in AM36629 / R36629C39: got 'ZFU'"
"2","Expecting logical in AT36629 / R36629C46: got 'MER'"
"2","Expecting logical in AT36630 / R36630C46: got 'MER'"
"2","Expecting logical in AT36631 / R36631C46: got 'MER'"
"2","Expecting logical in AT36632 / R36632C46: got 'MER'"
"2","Expecting logical in AT36633 / R36633C46: got 'MER'"
"2","Expecting logical in AE36634 / R36634C31: got '97416'"
"2","Expecting logical in AF36634 / R36634C32: got '97416'"
"2","Expecting logical in AT36634 / R36634C46: got 'MER'"
"2","Expecting logical in AT36635 / R36635C46: got 'MER'"
"2","Expecting logical in AT36636 / R36636C46: got 'MER'"
"2","Expecting logical in AT36637 / R36637C46: got 'MER'"
"2","Expecting logical in AT36638 / R36638C46: got 'MER'"
"2","Expecting logical in AT36641 / R36641C46: got 'MER'"
"2","Expecting logical in AT36643 / R36643C46: got 'MER'"
"2","Expecting logical in AT36644 / R36644C46: got 'MER'"
"2","Expecting logical in AT36645 / R36645C46: got 'MER'"
"2","Expecting logical in AT36646 / R36646C46: got 'MER'"
"2","Expecting logical in AT36647 / R36647C46: got 'MER'"
"2","Expecting logical in AT36648 / R36648C46: got 'MER'"
"2","Expecting logical in AT36649 / R36649C46: got 'MER'"
"2","Expecting logical in AE36650 / R36650C31: got '97608'"
"2","Expecting logical in AT36650 / R36650C46: got 'MER'"
"2","Expecting logical in AT36651 / R36651C46: got 'MER'"
"2","Expecting logical in AT36652 / R36652C46: got 'MER'"
"2","Expecting logical in AT36653 / R36653C46: got 'MER'"
"2","Expecting logical in AT36654 / R36654C46: got 'MER'"
"2","Expecting logical in AT36655 / R36655C46: got 'MER'"
"2","Expecting logical in AT36657 / R36657C46: got 'MER'"
"2","Expecting logical in AT36658 / R36658C46: got 'MER'"
"2","Expecting logical in AT36659 / R36659C46: got 'MER'"
"0","comepci <- select(ngeo, com2017, epci2018) %>%"
"0","  distinct()"
"0","# Fonds de carte"
"0","epci_geo <- st_read(""N:/Transverse/Donnees_Obs/Donnees_SIG/ADMIN_STAT/ADMIN_EXPRESS/2015/DATA_L93/epci2018.shp"", stringsAsFactors = F)"
"1","Reading layer `"
"1","epci2018"
"1","' from data source `"
"1","N:\Transverse\Donnees_Obs\Donnees_SIG\ADMIN_STAT\ADMIN_EXPRESS\2015\DATA_L93\epci2018.shp"
"1","' using driver `"
"1","ESRI Shapefile"
"1","'"
"1","
"
"1","Simple feature collection with 1264 features and 5 fields"
"1","
"
"1","geometry type:  MULTIPOLYGON
"
"1","dimension:      XY
"
"1","bbox:           "
"1","xmin: 104544.2 ymin: 6049646 xmax: 1242417 ymax: 7110480"
"1","
"
"1","epsg (SRID):    NA
"
"1","proj4string:    +proj=lcc +lat_1=49 +lat_2=44 +lat_0=46.5 +lon_0=3 +x_0=700000 +y_0=6600000 +ellps=GRS80 +units=m +no_defs
"
