ID;link
TYPO;https://cartotheque.cget.gouv.fr/media/record/eyJpIjoiZGVmYXVsdCIsIm0iOm51bGwsImQiOjEsInIiOjMyMDF9/
FAM_2;https://cartotheque.cget.gouv.fr/media/record/eyJpIjoiZGVmYXVsdCIsIm0iOm51bGwsImQiOjEsInIiOjMxOTF9/
EMP_1;https://cartotheque.cget.gouv.fr/media/record/eyJpIjoiZGVmYXVsdCIsIm0iOm51bGwsImQiOjEsInIiOjMxODh9/
EMP_3;https://cartotheque.cget.gouv.fr/media/record/eyJpIjoiZGVmYXVsdCIsIm0iOm51bGwsImQiOjEsInIiOjMxODl9/
EMP_4;https://cartotheque.cget.gouv.fr/media/record/eyJpIjoiZGVmYXVsdCIsIm0iOm51bGwsImQiOjEsInIiOjMxOTB9/
FOR_3;https://cartotheque.cget.gouv.fr/media/record/eyJpIjoiZGVmYXVsdCIsIm0iOm51bGwsImQiOjEsInIiOjMxOTJ9/
FAM_1;https://cartotheque.cget.gouv.fr/media/record/eyJpIjoiZGVmYXVsdCIsIm0iOm51bGwsImQiOjEsInIiOjMxOTd9/
FAM_3;https://cartotheque.cget.gouv.fr/media/record/eyJpIjoiZGVmYXVsdCIsIm0iOm51bGwsImQiOjEsInIiOjMxOTh9/
EMP_2;https://cartotheque.cget.gouv.fr/media/record/eyJpIjoiZGVmYXVsdCIsIm0iOm51bGwsImQiOjEsInIiOjMxOTN9/
FOR_1;https://cartotheque.cget.gouv.fr/media/record/eyJpIjoiZGVmYXVsdCIsIm0iOm51bGwsImQiOjEsInIiOjMxOTl9/
FOR_2;https://cartotheque.cget.gouv.fr/media/record/eyJpIjoiZGVmYXVsdCIsIm0iOm51bGwsImQiOjEsInIiOjMyMDB9/
EQU_1;https://cartotheque.cget.gouv.fr/media/record/eyJpIjoiZGVmYXVsdCIsIm0iOm51bGwsImQiOjEsInIiOjMxOTR9/
EQU_2;https://cartotheque.cget.gouv.fr/media/record/eyJpIjoiZGVmYXVsdCIsIm0iOm51bGwsImQiOjEsInIiOjMxOTV9/
EQU_3;https://cartotheque.cget.gouv.fr/media/record/eyJpIjoiZGVmYXVsdCIsIm0iOm51bGwsImQiOjEsInIiOjMxOTZ9/
